"input_x","density_x","input_x_simulated","density_x_simulated","input_y","density_y","input_y_simulated","density_y_simulated"
-0.0223694242286688,0.00271673375861824,-0.0289474913652216,0.0028580460268808,-0.0144789033923177,0.00514751970050711,-0.0123028594128065,0.00485447331549184
-0.0222729107155777,0.00423946682730333,-0.0288262020321557,0.00494632861311977,-0.0144159758071434,0.00884467002897158,-0.0122461307797301,0.00774951909454032
-0.0221763972024866,0.00647601481334884,-0.0287049126990899,0.0083827578935536,-0.0143530482219691,0.0146533652055504,-0.0121894021466538,0.0120321026145362
-0.0220798836893955,0.00977349458594929,-0.0285836233660241,0.0136414771928767,-0.0142901206367949,0.0234257752274192,-0.0121326735135774,0.0181785993331718
-0.0219833701763044,0.0143600784064669,-0.0284623340329583,0.0213286076169851,-0.0142271930516206,0.0361616232764734,-0.012075944880501,0.0267402741243754
-0.0218868566632133,0.0205515732264749,-0.0283410446998925,0.0320595474870651,-0.0141642654664463,0.0541580364885852,-0.0120192162474246,0.0383182503937503
-0.0217903431501222,0.0286645222441258,-0.0282197553668267,0.0463571190228565,-0.0141013378812721,0.0785966735812432,-0.0119624876143482,0.053522587863624
-0.0216938296370311,0.0389849078736549,-0.0280984660337608,0.0645213378046088,-0.0140384102960978,0.109779381722887,-0.0119057589812718,0.0729158929753931
-0.02159731612394,0.0517307535386706,-0.027977176700695,0.0864895478987207,-0.0139754827109235,0.147659152201086,-0.0118490303481955,0.0969445157882917
-0.0215008026108489,0.0670122800910644,-0.0278558873676292,0.111715130820674,-0.0139125551257493,0.191365488232256,-0.0117923017151191,0.125863339961314
-0.0214042890977578,0.0847946869755083,-0.0277345980345634,0.139097835853737,-0.013849627540575,0.239085782466001,-0.0117355730820427,0.159663201269693
-0.0213077755846667,0.104869652735665,-0.0276133087014976,0.166996426042222,-0.0137866999554007,0.288088100430272,-0.0116788444489663,0.198190063710247
-0.0212112620715756,0.126842113921969,-0.0274920193684318,0.193343545381751,-0.0137237723702265,0.334913969521865,-0.0116221158158899,0.240617021645173
-0.0211147485584845,0.150146744813041,-0.0273707300353659,0.215864011957234,-0.0136608447850522,0.375736555273974,-0.0115653871828135,0.285562350739482
-0.0210182350453934,0.173994188790176,-0.0272494407023001,0.232373750991525,-0.0135979171998779,0.406842109531516,-0.0115086585497372,0.33175106777818
-0.0209217215323023,0.197478407175872,-0.0271281513692343,0.240498779088216,-0.0135349896147036,0.42515930183358,-0.0114519299166608,0.37790281486093
-0.0208252080192112,0.219894463680724,-0.0270068620361685,0.239686812269472,-0.0134720620295294,0.428740328824366,-0.0113952012835844,0.422922475352355
-0.0207286945061201,0.240715767467547,-0.0268855727031027,0.230250959249613,-0.0134091344443551,0.41709627969961,-0.011338472650508,0.466090930642918
-0.020632180993029,0.259678218635452,-0.0267642833700369,0.213251685462876,-0.0133462068591808,0.391102670374201,-0.0112817440174316,0.507226112992008
-0.0205356674799379,0.276832279427877,-0.026642994036971,0.19044338309697,-0.0132832792740066,0.353123562141798,-0.0112250153843552,0.546784986848415
-0.0204391539668468,0.292551129767194,-0.0265217047039052,0.163986552071792,-0.0132203516888323,0.307885954458363,-0.0111682867512789,0.585881522079231
-0.0203426404537557,0.307488431399152,-0.0264004153708394,0.13612721687911,-0.013157424103658,0.259408246765532,-0.0111115581182025,0.626203992689051
-0.0202461269406646,0.322485888094196,-0.0262791260377736,0.108904427405609,-0.0130944965184838,0.211504987959013,-0.0110548294851261,0.670020031806679
-0.0201496134275735,0.338438202911341,-0.0261578367047078,0.0839328252941116,-0.0130315689333095,0.167433243675068,-0.0109981008520497,0.720021059780388
-0.0200530999144824,0.356160063272177,-0.026036547371642,0.0622857819749552,-0.0129686413481352,0.129719134355143,-0.0109413722189733,0.777600872214397
-0.0199565864013913,0.376339992423378,-0.0259152580385761,0.0444812173661458,-0.012905713762961,0.100164716032569,-0.010884643585897,0.843621165809997
-0.0198600728883002,0.398689600087788,-0.0257939687055103,0.0305521211926644,-0.0128427861777867,0.07999917679774,-0.0108279149528206,0.917926071374543
-0.0197635593752091,0.422591538259401,-0.0256726793724445,0.0201709416375444,-0.0127798585926124,0.0701136349445537,-0.0107711863197442,0.999241927276932
-0.019667045862118,0.446988253063379,-0.0255513900393787,0.0128720368312422,-0.0127169310074381,0.0713075000522029,-0.0107144576866678,1.08522332716117
-0.0195705323490269,0.470516119666972,-0.0254301007063129,0.00799206653929724,-0.0126540034222639,0.0844762430608557,-0.0106577290535914,1.17264376880287
-0.0194740188359358,0.491695460365549,-0.025308811373247,0.00478668858600982,-0.0125910758370896,0.110683947152616,-0.010601000420515,1.25771078885144
-0.0193775053228447,0.509149189117981,-0.0251875220401812,0.00276335597916112,-0.0125281482519153,0.151089860779538,-0.0105442717874387,1.33646934643609
-0.0192809918097536,0.521818360543139,-0.0250662327071154,0.00153637752395118,-0.0124652206667411,0.208098002433256,-0.0104875431543623,1.40524472794661
-0.0191844782966625,0.529142358823025,-0.0249449433740496,0.000821948918910318,-0.0124022930815668,0.280696658330428,-0.0104308145212859,1.46078612992985
-0.0190879647835714,0.531174851825189,-0.0248236540409838,0.000422778336516288,-0.0123393654963925,0.368108706974315,-0.0103740858882095,1.50008277441142
-0.0189914512704803,0.528583477739782,-0.024702364707918,0.000208909446545149,-0.0122764379112183,0.468300213114872,-0.0103173572551331,1.52421406313408
-0.0188949377573892,0.522596697916892,-0.0245810753748521,9.90983980179533e-05,-0.012213510326044,0.577980069419697,-0.0102606286220567,1.53432942196684
-0.0187984242442981,0.515435103033211,-0.0244597860417863,4.50980595974893e-05,-0.0121505827408697,0.692872788546005,-0.0102038999889804,1.53260471672324
-0.018701910731207,0.50888550224322,-0.0243384967087205,1.96782463957218e-05,-0.0120876551556955,0.808249464601778,-0.010147171355904,1.52192511429347
-0.0186053972181159,0.504520088143611,-0.0242172073756547,8.22889267808557e-06,-0.0120247275705212,0.919637601302462,-0.0100904427228276,1.50552060254301
-0.0185088837050248,0.503498589674833,-0.0240959180425889,3.29643423132881e-06,-0.0119617999853469,1.02357886564136,-0.0100337140897512,1.48660642830833
-0.0184123701919337,0.506439740671045,-0.0239746287095231,1.26458046925582e-06,-0.0118988724001727,1.11827828295391,-0.00997698545667482,1.46807630666668
-0.0183158566788426,0.513375150580354,-0.0238533393764572,5.03289972300014e-07,-0.0118359448149984,1.20399691635628,-0.00992025682359844,1.45228674513225
-0.0182193431657515,0.523786956544204,-0.0237320500433914,1.91957307993981e-07,-0.0117730172298241,1.28308372172545,-0.00986352819052205,1.44095711127694
-0.0181228296526604,0.536719698600107,-0.0236107607103256,7.00267815610465e-08,-0.0117100896446498,1.35961404963799,-0.00980679955744567,1.43522018049988
-0.0180263161395693,0.550947527896654,-0.0234894713772598,2.44389691914601e-08,-0.0116471620594756,1.43928356888807,-0.00975007092436929,1.43638185022234
-0.0179298026264782,0.565162495567323,-0.023368182044194,8.23042022947131e-09,-0.0115842344743013,1.527509802297,-0.0096933422912929,1.44421374518666
-0.0178332891133871,0.577963049931505,-0.0232468927111282,2.93810424556083e-09,-0.011521306889127,1.62796173256369,-0.00963661365821652,1.45916259747325
-0.017736775600296,0.588631251677347,-0.0231256033780623,1.97886475749113e-09,-0.0114583793039528,1.74240309750723,-0.00957988502514014,1.48188774066372
-0.0176402620872049,0.59687633493374,-0.0230043140449965,4.09907394170912e-09,-0.0113954517187785,1.87018514678022,-0.00952315639206376,1.51326387128803
-0.0175437485741138,0.602837843283792,-0.0228830247119307,1.20568289870189e-08,-0.0113325241336042,2.00806380433278,-0.00946642775898737,1.55425347765292
-0.0174472350610227,0.607040465500036,-0.0227617353788649,3.54987548313142e-08,-0.01126959654843,2.15028730609768,-0.00940969912591099,1.60566235435995
-0.0173507215479316,0.610317805558384,-0.0226404460457991,1.00265063431628e-07,-0.0112066689632557,2.2889503017093,-0.00935297049283461,1.66781348585936
-0.0172542080348405,0.613721345365299,-0.0225191567127333,2.70729834733276e-07,-0.0111437413780814,2.41460730711382,-0.00929624185975822,1.7401925382951
-0.0171576945217494,0.61842879339983,-0.0223978673796674,6.99094802124066e-07,-0.0110808137929072,2.51712497420632,-0.00923951322668184,1.82113043396603
-0.0170611810086583,0.625662218863894,-0.0222765780466016,1.81335645140427e-06,-0.0110178862077329,2.58672437532543,-0.00918278459360546,1.90759326310045
-0.0169646674955672,0.636621430609651,-0.0221552887135358,4.66219276422466e-06,-0.0109549586225586,2.61512376414671,-0.00912605596052907,1.99454612943668
-0.0168681539824761,0.65245257720295,-0.02203399938047,1.14769562790106e-05,-0.0108920310373843,2.5966485636123,-0.00906932732745269,2.07539737580607
-0.016771640469385,0.674887654214621,-0.0219127100474042,2.70619030474843e-05,-0.0108291034522101,2.52672038539672,-0.00901259869437631,2.14383692679136
-0.0166751269562939,0.704164932082496,-0.0217914207143384,6.1148061086798e-05,-0.0107661758670358,2.40908440264575,-0.00895587006129992,2.19391390189766
-0.0165786134432028,0.740789123481542,-0.0216701313812725,0.000132474482387615,-0.0107032482818615,2.25267608422684,-0.00889914142822354,2.22078073464905
-0.0164820999301117,0.78493097504341,-0.0215488420482067,0.000275344175898389,-0.0106403206966873,2.06785772701334,-0.00884241279514716,2.22136746573236
-0.0163855864170206,0.836341960347554,-0.0214275527151409,0.000549438505354336,-0.010577393111513,1.86717188672468,-0.00878568416207078,2.19489270315928
-0.0162890729039295,0.894275948648366,-0.0213062633820751,0.00105341896880374,-0.0105144655263387,1.6641549677156,-0.00872895552899439,2.14314423341719
-0.0161925593908384,0.957433584298268,-0.0211849740490093,0.00194217930507402,-0.0104515379411645,1.47215970878749,-0.00867222689591801,2.07049121364214
-0.0160960458777473,1.02394506297263,-0.0210636847159434,0.00344642673025458,-0.0103886103559902,1.30331667594238,-0.00861549826284163,1.98362282896165
-0.0159995323646562,1.09140467088527,-0.0209423953828776,0.0058915514912024,-0.0103256827708159,1.16772306827353,-0.00855876962976524,1.89104227280297
-0.0159030188515651,1.15696607159059,-0.0208211060498118,0.00971061208557552,-0.0102627551856417,1.07290532441362,-0.00850204099668886,1.8037142968875
-0.015806505338474,1.21750030511584,-0.020699816716746,0.0154841708677404,-0.0101998276004674,1.02356648588324,-0.00844531236361248,1.73260578860117
-0.0157099918253829,1.26851505127954,-0.0205785273836802,0.0240571202775857,-0.0101369000152931,1.02160239001554,-0.0083885837305361,1.68652538419225
-0.0156134783122918,1.30778301857853,-0.0204572380506144,0.0359203893589907,-0.0100739724301188,1.06635146998206,-0.00833185509745971,1.6729767749967
-0.0155169647992007,1.33316378344837,-0.0203359487175485,0.0515830146509097,-0.0100110448449446,1.156359291195,-0.00827512646438333,1.69766066947991
-0.0154204512861096,1.34338540635708,-0.0202146593844827,0.0713012494507134,-0.00994811725977031,1.28733592190428,-0.00821839783130695,1.76427099145491
-0.0153239377730185,1.33820219814752,-0.0200933700514169,0.0949511967928915,-0.00988518967459604,1.45140472456648,-0.00816166919823056,1.8744445519835
-0.0152274242599274,1.31846765523221,-0.0199720807183511,0.121938655828418,-0.00982226208942177,1.64282577451002,-0.00810494056515418,2.02783530232812
-0.0151309107468363,1.28611338454644,-0.0198507913852853,0.151179164800381,-0.0097593345042475,1.85588550751277,-0.0080482119320778,2.22228137528548
-0.0150343972337452,1.24403342404625,-0.0197295020522195,0.181171723252152,-0.00969640691907324,2.08500152421478,-0.00799148329900141,2.45403494519005
-0.0149378837206541,1.19588197773715,-0.0196082127191536,0.210171193601566,-0.00963347933389897,2.32464873691864,-0.00793475466592503,2.71803028519827
-0.014841370207563,1.14580074809476,-0.0194869233860878,0.236440204134422,-0.0095705517487247,2.56914990547233,-0.00787802603284865,3.00942150554969
-0.0147448566944719,1.09809928645038,-0.019365634053022,0.258536823413894,-0.00950762416355043,2.81240076948712,-0.00782129739977226,3.31938151239107
-0.0146483431813808,1.05807654843964,-0.0192443447199562,0.275575830897173,-0.00944469657837616,3.04761987384295,-0.00776456876669588,3.63963364735664
-0.0145518296682897,1.02886151049938,-0.0191230553868904,0.287395681112269,-0.00938176899320189,3.26722293699632,-0.0077078401336195,3.96294356754073
-0.0144553161551986,1.01289697534304,-0.0190017660538246,0.294356556914481,-0.00931884140802762,3.46291757246282,-0.00765111150054311,4.28234531917216
-0.0143588026421075,1.0116697185105,-0.0188804767207587,0.298008901811997,-0.00925591382285335,3.62609227358213,-0.00759438286746673,4.59133627547764
-0.0142622891290164,1.02566819214802,-0.0187591873876929,0.29982410741431,-0.00919298623767908,3.74776751662526,-0.00753765423439035,4.88402215801567
-0.0141657756159253,1.05444169612871,-0.0186378980546271,0.300956038251954,-0.00913005865250481,3.81797962124617,-0.00748092560131396,5.15521301683531
-0.0140692621028342,1.09672204632305,-0.0185166087215613,0.302093908049102,-0.00906713106733054,3.836617421277,-0.00742419696823758,5.40047738389862
-0.0139727485897431,1.15058742652432,-0.0183953193884955,0.303394772252378,-0.00900420348215628,3.80449783266986,-0.0073674683351612,5.61616696691037
-0.013876235076652,1.21364780424249,-0.0182740300554297,0.304604792920059,-0.00894127589698201,3.72673095986551,-0.00731073970208481,5.7994274097958
-0.0137797215635609,1.28323371000762,-0.0181527407223638,0.305334065757484,-0.00887834831180774,3.61244462922208,-0.00725401106900843,5.94623782108816
-0.0136832080504698,1.35657502669581,-0.018031451389298,0.305407373290221,-0.00881542072663347,3.47386356046105,-0.00719728243593205,6.05542365330768
-0.0135866945373787,1.43076326570238,-0.0179101620562322,0.305190739963099,-0.0087524931414592,3.32488476742271,-0.00714055380285567,6.12892611365483
-0.0134901810242876,1.50302270535961,-0.0177888727231664,0.305796066195161,-0.00868956555628493,3.17940038807512,-0.00708382516977928,6.16778963000073
-0.0133936675111965,1.57143820527293,-0.0176675833901006,0.309093187659027,-0.00862663797111066,3.04967128729575,-0.0070270965367029,6.17408328437555
-0.0132971539981054,1.63467588122042,-0.0175462940570347,0.317505113254454,-0.00856371038593639,2.9450397397788,-0.00697036790362652,6.15093068792298
-0.0132006404850143,1.69211375060262,-0.0174250047239689,0.333941284734443,-0.00850078280076212,2.87119211215209,-0.00691363927055013,6.10251649206801
-0.0131041269719232,1.74396262019308,-0.0173037153909031,0.361053834851734,-0.00843785521558785,2.83006036520245,-0.00685691063747375,6.03406985642292
-0.0130076134588321,1.79135585366945,-0.0171824260578373,0.399525413044112,-0.00837492763041359,2.82031250254347,-0.00680018200439737,5.951827659969
-0.012911099945741,1.83638992588281,-0.0170611367247715,0.449336340223442,-0.00831200004523932,2.84014818751474,-0.00674345337132098,5.86298050782264
-0.0128145864326499,1.88209875785618,-0.0169398473917057,0.509390435326899,-0.00824907246006505,2.88179554004397,-0.0066867247382446,5.77560244002277
-0.0127180729195588,1.93234848485376,-0.0168185580586398,0.57779410334264,-0.00818614487489078,2.9401365914845,-0.00662999610516822,5.6994373091349
-0.0126215594064677,1.99164535549184,-0.016697268725574,0.652278458283374,-0.00812321728971651,3.01069045692252,-0.00657326747209183,5.64632551919701
-0.0125250458933766,2.06685322475412,-0.0165759793925082,0.730659974709347,-0.00806028970454224,3.0897601059655,-0.00651653883901545,5.62560471814116
-0.0124285323802855,2.16200188405314,-0.0164546900594424,0.811234599412523,-0.00799736211936797,3.17441729413076,-0.00645981020593907,5.64734216805736
-0.0123320188671944,2.28096790996707,-0.0163334007263766,0.893024483979621,-0.0079344345341937,3.26237108603603,-0.00640308157286268,5.72115667196742
-0.0122355053541033,2.42668271240712,-0.0162121113933108,0.975838050735107,-0.00787150694901943,3.35183382080862,-0.0063463529397863,5.85569719785246
-0.0121389918410122,2.60063381796751,-0.0160908220602449,1.06015208672385,-0.00780857936384516,3.44147442889589,-0.00628962430670992,6.05806961350403
-0.0120424783279211,2.80258912789254,-0.0159695327271791,1.14686666293341,-0.0077456517786709,3.53050809660152,-0.00623289567363354,6.33326007119481
-0.01194596481483,3.03043315822998,-0.0158482433941133,1.23700842609784,-0.00768272419349663,3.61892143168812,-0.00617616704055715,6.68361375921143
-0.0118494513017389,3.28013935172119,-0.0157269540610475,1.33186323452752,-0.00761979660832236,3.7077815536145,-0.00611943840748077,7.10843143862563
-0.0117529377886478,3.54589536577679,-0.0156056647279817,1.43155848827918,-0.00755686902314809,3.79953374743676,-0.00606270977440439,7.60374260361049
-0.0116564242755567,3.82038877061458,-0.0154843753949159,1.53597655866442,-0.00749394143797382,3.89907855442334,-0.006005981141328,8.16362839040311
-0.0115599107624656,4.09524874049793,-0.01536308606185,1.64446611274295,-0.00743101385279955,4.01228771260793,-0.00594925250825162,8.77873359605402
-0.0114633972493745,4.35978942748837,-0.0152417967287842,1.75577391292115,-0.00736808626762528,4.14529541718302,-0.00589252387517524,9.43034007007982
-0.0113668837362834,4.60531802662197,-0.0151205073957184,1.8679947076042,-0.00730515868245101,4.30395692833908,-0.00583579524209885,10.1037233569997
-0.0112703702231923,4.82500597445617,-0.0149992180626526,1.97855076882942,-0.00724223109727674,4.49258146221361,-0.00577906660902247,10.7837814657974
-0.0111738567101012,5.01375654535118,-0.0148779287295868,2.08424016024902,-0.00717930351210247,4.71293083160777,-0.00572233797594609,11.4559088185505
-0.0110773431970101,5.16867232070231,-0.014756639396521,2.18138626137117,-0.0071163759269282,4.96356410917009,-0.0056656093428697,12.1068148621143
-0.010980829683919,5.28917197939883,-0.0146353500634551,2.26609880261306,-0.00705344834175394,5.23969930568001,-0.00560888070979332,12.7252593630382
-0.0108843161708279,5.37687171293448,-0.0145140607303893,2.334626602099,-0.00699052075657967,5.53365629704672,-0.00555215207671694,13.3026919564789
-0.0107878026577369,5.43525556850631,-0.0143927713973235,2.38375478849685,-0.0069275931714054,5.83581842657266,-0.00549542344364056,13.8337927730686
-0.0106912891446458,5.46918673668579,-0.0142714820642577,2.41118487208793,-0.00686466558623113,6.1359323128241,-0.00543869481056417,14.3169123574789
-0.0105947756315547,5.48433363473871,-0.0141501927311919,2.41476874816553,-0.00680173800105686,6.42448372174915,-0.00538196617748779,14.7539743944184
-0.0104982621184636,5.48659795444126,-0.014028903398126,2.39539990173798,-0.00673881041588259,6.69386292857416,-0.00532523754441141,15.1498619959639
-0.0104017486053725,5.48152413316928,-0.0139076140650602,2.35629822658353,-0.00667588283070832,6.93775518694419,-0.00526850891133502,15.5212872811538
-0.0103052350922814,5.47527553687506,-0.0137863247319944,2.30124741766198,-0.00661295524553405,7.15420487773752,-0.00521178027825864,15.8838486568996
-0.0102087215791903,5.4722049574988,-0.0136650353989286,2.23533152039507,-0.00655002766035978,7.3444448271884,-0.00515505164518226,16.2554881040766
-0.0101122080660992,5.47615287490435,-0.0135437460658628,2.16466564566563,-0.00648710007518551,7.50950253998725,-0.00509832301210587,16.6551296552031
-0.0100156945530081,5.49080238941715,-0.013422456732797,2.09599300589838,-0.00642417249001125,7.65008809662148,-0.00504159437902949,17.1010781083748
-0.00991918103991696,5.51990159085714,-0.0133011673997311,2.03616139378703,-0.00636124490483698,7.76579191823612,-0.00498486574595311,17.6093510392755
-0.00982266752682586,5.5674023618736,-0.0131798780666653,1.99153680000129,-0.00629831731966271,7.85476020482334,-0.00492813711287672,18.1921559621753
-0.00972615401373476,5.63747991300257,-0.0130585887335995,1.96745147911698,-0.00623538973448844,7.91398627658748,-0.00487140847980034,18.8567342970219
-0.00962964050064366,5.73442408852316,-0.0129372994005337,1.96779998890013,-0.00617246214931417,7.94025090880864,-0.00481467984672396,19.6047713620333
-0.00953312698755256,5.86241967115463,-0.0128160100674679,1.99487732376549,-0.0061095345641399,7.93161760602948,-0.00475795121364758,20.4325142283616
-0.00943661347446146,6.02525549594528,-0.0126947207344021,2.04949615088094,-0.00604660697896563,7.88925307555822,-0.00470122258057119,21.3377253257796
-0.00934009996137036,6.22968386539136,-0.0125734314013362,2.13167619543244,-0.00598367939379136,7.81921946914905,-0.00464449394749481,22.3003565174943
-0.00924358644827926,6.47506688452612,-0.0124521420682704,2.24187972809129,-0.00592075180861709,7.73379976997226,-0.00458776531441843,23.3085324369124
-0.00914707293518816,6.76118618558953,-0.0123308527352046,2.37671673773922,-0.00585782422344282,7.65290707857462,-0.00453103668134204,24.3522986935153
-0.00905055942209706,7.08748427123537,-0.0122095634021388,2.53466122506033,-0.00579489663826856,7.60566366837944,-0.00447430804826566,25.4243379238207
-0.00895404590900597,7.45246675390219,-0.012088274069073,2.71388181475832,-0.00573196905309429,7.61949404177987,-0.00441757941518928,26.5201065011406
-0.00885753239591486,7.85389588984655,-0.0119669847360072,2.91209449818689,-0.00566904146792002,7.7197934200085,-0.00436085078211289,27.6371638652231
-0.00876101888282377,8.28899129950273,-0.0118456954029413,3.12657753793682,-0.00560611388274575,7.92554164675116,-0.00430412214903651,28.7738382244347
-0.00866450536973267,8.75459936193198,-0.0117244060698755,3.35444899232492,-0.00554318629757148,8.24591492219027,-0.00424739351596013,29.9274923889406
-0.00856799185664157,9.24730021481682,-0.0116031167368097,3.59318785982235,-0.00548025871239721,8.67838465726988,-0.00419066488288374,31.0927379864911
-0.00847147834355047,9.7634324275492,-0.0114818274037439,3.84125670958724,-0.00541733112722294,9.20878048570404,-0.00413393624980736,32.2599847181934
-0.00837496483045937,10.2990294937757,-0.0113605380706781,4.09860025824703,-0.00535440354204867,9.81342269077788,-0.00407720761673098,33.4113232262579
-0.00827845131736827,10.8504361725905,-0.0112392487376123,4.36678195903174,-0.0052914759568744,10.4630246572531,-0.00402047898365459,34.5252153290628
-0.00818193780427717,11.4106478628057,-0.0111179594045464,4.6485919907366,-0.00522854837170013,11.1277050009401,-0.00396375035057821,35.5797183612521
-0.00808542429118607,11.9730789322993,-0.0109966700714806,4.94710442407629,-0.00516562078652586,11.7822001526098,-0.00390702171750183,36.5537743855335
-0.00798891077809497,12.5305993949218,-0.0108753807384148,5.26547870756966,-0.0051026932013516,12.4102830210269,-0.00385029308442545,37.4306091697746
-0.00789239726500387,13.0753655924932,-0.010754091405349,5.60168981477428,-0.00503976561617733,13.0072209255807,-0.00379356445134906,38.2006951678517
-0.00779588375191277,13.5991598865314,-0.0106328020722832,5.95017715885414,-0.00497683803100306,13.581587038232,-0.00373683581827268,38.864150937653
-0.00769937023882167,14.0938989145034,-0.0105115127392174,6.30217171269683,-0.00491391044582879,14.1554457574122,-0.0036801071851963,39.432264686432
-0.00760285672573057,14.552276808438,-0.0103902234061515,6.64607698914162,-0.00485098286065452,14.7520145208056,-0.00362337855211991,39.9279297722033
-0.00750634321263948,14.9684897158813,-0.0102689340730857,6.96882363255758,-0.00478805527548025,15.39253577425,-0.00356664991904353,40.3848947076956
-0.00740982969954838,15.3389730390719,-0.0101476447400199,7.25751674632323,-0.00472512769030598,16.0913500651808,-0.00350992128596715,40.845850360834
-0.00731331618645728,15.6630743941833,-0.0100263554069541,7.50111466379318,-0.00466220010513171,16.8524109072527,-0.00345319265289076,41.3682115081143
-0.00721680267336618,15.9406627516675,-0.00990506607388826,7.69192662722869,-0.00459927251995744,17.6678718160942,-0.00339646401981438,42.0075431991609
-0.00712028916027508,16.1828708339275,-0.00978377674082245,7.82678431252015,-0.00453634493478318,18.519012083086,-0.003339735386738,42.8078018485404
-0.00702377564718398,16.4025460608123,-0.00966248740775663,7.90780336665631,-0.00447341734960891,19.3793661550392,-0.00328300675366162,43.806429836968
-0.00692726213409288,16.6145419195626,-0.00954119807469081,7.94269158857857,-0.00441048976443464,20.2195390853663,-0.00322627812058523,45.0292959789452
-0.00683074862100178,16.8361027364622,-0.009419908741625,7.94457856992903,-0.00434756217926037,21.0128838815541,-0.00316954948750885,46.4883900500332
-0.00673423510791068,17.0859393116046,-0.00929861940855918,7.93162674111939,-0.0042846345940861,21.7410359076737,-0.00311282085443247,48.1805931525991
-0.00663772159481958,17.3831705386738,-0.00917733007549336,7.92857897220665,-0.00422170700891183,22.398283036,-0.00305609222135608,50.0876276017296
-0.00654120808172848,17.746200068677,-0.00905604074242754,7.95967713108002,-0.00415877942373756,22.9913634452092,-0.0029993635882797,52.1772133230413
-0.00644469456863738,18.1916035461611,-0.00893475140936173,8.04749778370877,-0.00409585183856329,23.5539206021355,-0.00294263495520332,54.4053790430178
-0.00634818105554628,18.733104992799,-0.00881346207629591,8.21192438091583,-0.00403292425338902,24.123844833044,-0.00288590632212693,56.7197982381246
-0.00625166754245519,19.3807198983535,-0.00869217274323009,8.46859621385695,-0.00396999666821475,24.7429952967635,-0.00282917768905055,59.0617485993001
-0.00615515402936409,20.1492407459308,-0.00857088341016428,8.82783566592044,-0.00390706908304049,25.4516968399181,-0.00277244905597417,61.3668076599017
-0.00605864051627299,21.0327733552975,-0.00844959407709846,9.29413858024488,-0.00384414149786622,26.2835318902634,-0.00271572042289778,63.5878948938575
-0.00596212700318189,22.0227916909417,-0.00832830474403264,9.86622982689871,-0.00378121391269195,27.2614853450837,-0.0026589917898214,65.6914426672454
-0.00586561349009079,23.110239949174,-0.00820701541096682,10.5376146161616,-0.00371828632751768,28.3958784247545,-0.00260226315674502,67.6592537336568
-0.00576909997699969,24.2830228991328,-0.00808572607790101,11.2975047620633,-0.00365535874234341,29.6841736886958,-0.00254553452366863,69.4903808280769
-0.00567258646390859,25.5268729988204,-0.00796443674483519,12.1319727731702,-0.00359243115716914,31.1124106299405,-0.00248880589059225,71.2016496304042
-0.00557607295081749,26.8262411168331,-0.00784314741176937,13.0251864874097,-0.00352950357199487,32.6577980081412,-0.00243207725751587,72.8267627124672
-0.00547955943772639,28.1651432819027,-0.00772185807870356,13.9606010674761,-0.0034665759868206,34.2918861672956,-0.00237534862443949,74.4140232963344
-0.00538304592463529,29.5279139596063,-0.00760056874563774,14.9227553372923,-0.00340364840164633,35.9837863325566,-0.0023186199913631,76.0228217490711
-0.00528653241154419,30.8998367775864,-0.00747927941257192,15.8938515312058,-0.00334072081647206,37.702851427026,-0.00226189135828672,77.7191304953871
-0.00519001889845309,32.267643972508,-0.0073579900795061,16.8618349720728,-0.00327779323129779,39.4183809122456,-0.00220516272521034,79.5811821901124
-0.00509350538536199,33.6178434503032,-0.00723670074644029,17.8177405948717,-0.00321486564612353,41.1100584171504,-0.00214843409213395,81.6843748821484
-0.0049969918722709,34.9409848410994,-0.00711541141337447,18.7559239131455,-0.00315193806094926,42.7664096059466,-0.00209170545905757,84.0676514449246
-0.0049004783591798,36.2315635444459,-0.00699412208030865,19.6741367719962,-0.00308901047577499,44.3861363296275,-0.00203497682598119,86.7651700511757
-0.0048039648460887,37.4859465020064,-0.00687283274724284,20.5732042085376,-0.00302608289060072,45.9795717222259,-0.0019782481929048,89.7950831157613
-0.0047074513329976,38.7028893507712,-0.00675154341417702,21.4562769759324,-0.00296315530542645,47.569165486208,-0.00192151955982842,93.1597250064034
-0.0046109378199065,39.8834605027708,-0.0066302540811112,22.3277504967064,-0.00290022772025218,49.1885357553651,-0.00186479092675204,96.8473251491057
-0.0045144243068154,41.0309144389601,-0.00650896474804538,23.1920647775911,-0.00283730013507791,50.8798240668152,-0.00180806229367565,100.834979562684
-0.0044179107937243,42.1505309037913,-0.00638767541497957,24.0526864300881,-0.00277437254990364,52.6894196201351,-0.00175133366059927,105.092485881925
-0.0043213972806332,43.249438862998,-0.00626638608191375,24.9115828296892,-0.00271144496472937,54.66250173345,-0.00169460502752289,109.586558255612
-0.0042248837675421,44.3364418952811,-0.00614509674884793,25.769403970151,-0.0026485173795551,56.837192311211,-0.0016378763944465,114.284896077197
-0.004128370254451,45.4218545385972,-0.00602380741578211,26.626440327612,-0.00258558979438083,59.2393189537386,-0.00158114776137012,119.164657515582
-0.0040318567413599,46.5192835204201,-0.0059025180827163,27.4845755482429,-0.00252266220920657,61.8894874092538,-0.00152441912829374,124.209368573879
-0.0039353432282688,47.6434823798365,-0.00578122874965048,28.3484324403513,-0.0024597346240323,64.7753451767794,-0.00146769049521736,129.394413612485
-0.0038388297151777,48.8080191515208,-0.00565993941658466,29.225661201933,-0.00239680703885803,67.8604904825583,-0.00141096186214097,134.713905561323
-0.00374231620208661,50.0271315241262,-0.00553865008351885,30.1263014247397,-0.00233387945368376,71.1090313006185,-0.00135423322906459,140.164471391221
-0.00364580268899551,51.3147485930473,-0.00541736075045303,31.061343007973,-0.00227095186850949,74.4811407381051,-0.00129750459598821,145.741934838518
-0.00354928917590441,52.6838179625299,-0.00529607141738721,32.0409606416574,-0.00220802428333522,77.9384560002565,-0.00124077596291182,151.437942169986
-0.00345277566281331,54.1455994447958,-0.00517478208432139,33.0729432791426,-0.00214509669816095,81.4486989387474,-0.00118404732983544,157.236969043481
-0.00335626214972221,55.7090026209413,-0.00505349275125558,34.1617480540775,-0.00208216911298668,84.9890937757213,-0.00112731869675906,163.114080822875
-0.00325974863663111,57.3800495476609,-0.00493220341818976,35.3083923927332,-0.00201924152781241,88.5484042911323,-0.00107059006368267,169.033724598936
-0.00316323512354001,59.1615360439764,-0.00481091408512394,36.5111339742988,-0.00195631394263814,92.1275980789563,-0.00101386143060629,174.949716018352
-0.00306672161044891,61.0529453802018,-0.00468962475205812,37.7666585075154,-0.00189338635746387,95.7392591950338,-0.000957132797529908,180.804034268948
-0.00297020809735781,63.0576756154949,-0.00456833541899231,39.0713720060684,-0.00183045877228961,99.4059269861814,-0.000900404164453524,186.51499546197
-0.00287369458426671,65.1644201825723,-0.00444704608592649,40.422896214212,-0.00176753118711534,103.1575693701,-0.00084367553137714,192.021866565847
-0.00277718107117561,67.3602515413521,-0.00432575675286067,41.8226230323434,-0.00170460360194107,107.033021585279,-0.000786946898300759,197.260645479419
-0.00268066755808451,69.6354470202945,-0.00420446741979486,43.2671562107346,-0.0016416760167668,111.076436801485,-0.000730218265224375,202.172931146254
-0.00258415404499341,71.9798838785356,-0.00408317808672904,44.7579113349494,-0.00157874843159253,115.311679015246,-0.000673489632147991,206.708534203754
-0.00248764053190232,74.3833586418137,-0.00396188875366322,46.2976790520777,-0.00151582084641826,119.76435184775,-0.000616760999071609,210.827108357464
-0.00239112701881122,76.8356725591483,-0.0038405994205974,47.8910203035377,-0.00145289326124399,124.453855355314,-0.000560032365995226,214.498692027428
-0.00229461350572012,79.3264916358064,-0.00371931008753159,49.5447919205709,-0.00138996567606972,129.393784962155,-0.000503303732918842,217.703178350922
-0.00219809999262902,81.8450236937307,-0.00359802075446577,51.2685722828029,-0.00132703809089545,134.592963818357,-0.00044657509984246,220.428854017516
-0.00210158647953792,84.3795845033152,-0.00347673142139995,53.0747507632901,-0.00126411050572119,140.056442163577,-0.000389846466766076,222.670254222272
-0.00200507296644682,86.9171482210039,-0.00335544208833414,54.9781112297704,-0.00120118292054692,145.785761656314,-0.000333117833689693,224.423816366473
-0.00190855945335572,89.4408026429715,-0.00323415275526832,56.9948462131394,-0.00113825533537265,151.777947316507,-0.000276389200613311,225.639263827324
-0.00181204594026462,91.9311047323728,-0.0031128634222025,59.1410497956143,-0.00107532775019838,158.023025712767,-0.000219660567536927,226.365942823411
-0.00171553242717352,94.3701108675875,-0.00299157408913668,61.4308256721338,-0.00101240016502411,164.500307286183,-0.000162931934460544,226.599585098876
-0.00161901891408242,96.7389021276322,-0.00287028475607087,63.8741977421579,-0.00094947257984984,171.174117096408,-0.000106203301384162,226.334007681257
-0.00152250540099132,99.0192464432573,-0.00274899542300505,66.4844863443045,-0.000886544994675571,177.990588885677,-4.94746683077779e-05,225.562238915994
-0.00142599188790022,101.194836023237,-0.00262770608993923,69.2491462830992,-0.000823617409501301,184.86729165119,7.25396476860575e-06,224.278261576189
-0.00132947837480912,103.252486747362,-0.00250641675687342,72.1477391207395,-0.000760689824327034,191.692277379657,6.39825978449877e-05,222.479167831929
-0.00123296486171803,105.183130373066,-0.0023851274238076,75.1544545502765,-0.000697762239152765,198.351484376928,0.000120711230921371,220.167510122174
-0.00113645134862693,106.982447627988,-0.00226383809074178,78.2358911925823,-0.000634834653978495,204.725713301304,0.000177439863997755,217.353633970363
-0.00103993783553583,108.65102732954,-0.00214254875767596,81.3543652352908,-0.000571907068804226,210.699986258323,0.000234168497074137,214.057788639072
-0.000943424322444729,110.193991226588,-0.00202125942461015,84.4727335422989,-0.000508979483629957,216.172798918546,0.000290897130150521,210.311824535849
-0.000846910809353629,111.613340765891,-0.00189997009154433,87.5602296799119,-0.000446051898455688,221.063906094231,0.000347625763226904,206.12766427951
-0.000750397296262528,112.924342283833,-0.00177868075847851,90.5983910482594,-0.000383124313281418,225.319500661127,0.000404354396303286,201.60910878858
-0.000653883783171428,114.143371570012,-0.0016573914254127,93.5858199830773,-0.000320196728107149,228.914019553799,0.00046108302937967,196.83406167602
-0.000557370270080331,115.27969930027,-0.00153610209234688,96.5403818080956,-0.00025726914293288,231.848284423172,0.000517811662456054,191.884431744283
-0.000460856756989231,116.339642110607,-0.00141481275928106,99.4975900522405,-0.000194341557758613,234.144198416808,0.000574540295532435,186.846765149292
-0.00036434324389813,117.325836870125,-0.00129352342621524,102.50441721272,-0.000131413972584343,235.836712381568,0.000631268928608819,181.807803361874
-0.000267829730807034,118.236949949352,-0.00117223409314943,105.612168891115,-6.8486387410074e-05,236.96418314619,0.000687997561685203,176.849634147025
-0.000171316217715933,119.06779509958,-0.00105094476008361,108.85904804583,-5.55880223580482e-06,237.516342674889,0.000744726194761585,172.044856587096
-7.4802704624833e-05,119.809798058714,-0.000929655427017791,112.232327354476,5.73687829384644e-05,237.546216840696,0.000801454827837968,167.452215835898
2.17108084662639e-05,120.451722695714,-0.000808366093951976,115.681905088172,0.000120296368112734,237.047290210139,0.000858183460914352,163.113150192338
0.000118224321557364,120.980562358084,-0.000687076760886158,119.112544504782,0.000183223953287003,235.988460047721,0.000914912093990734,159.049628482438
0.000214737834648464,121.373653459779,-0.00056578742782034,122.390628767369,0.000246151538461272,234.323638017106,0.000971640727067118,155.284715791732
0.000311251347739561,121.616841073066,-0.000444498094754525,125.358848762165,0.00030907912363554,232.001244944678,0.0010283693601435,151.778321946426
0.000407764860830662,121.704416895732,-0.000323208761688707,127.856443368833,0.000372006708809809,228.976757145502,0.00108509799321988,148.485382072711
0.000504278373921762,121.626322591577,-0.000201919428622889,129.741342641869,0.000434934293984078,225.226654732214,0.00114182662629627,145.357964549916
0.000600791887012862,121.374683988468,-8.06300955570709e-05,130.910047407677,0.000497861879158347,220.761581865685,0.00119855525937265,142.342672736487
0.000697305400103959,120.943905065619,4.06592375087438e-05,131.311438083781,0.000560789464332617,215.636226558362,0.00125528389244903,139.384928637294
0.00079381891319506,120.330602210135,0.000161948570574562,130.951889912328,0.000623717049506886,209.953510247044,0.00131201252552542,136.432880111879
0.00089033242628616,119.533431643789,0.00028323790364038,129.890861890305,0.000686644634681155,203.861255178012,0.0013687411586018,133.440785462809
0.000986845939377257,118.552872032567,0.000404527236706198,128.228154133092,0.000749572219855424,197.540610439343,0.00142546979167818,130.37180163267
0.00108335945246836,117.391024144049,0.000525816569772013,126.059174575566,0.000812499805029693,191.198178419448,0.00148219842475457,127.200146274574
0.00117987296555946,116.051479223326,0.000647105902837831,123.551728086167,0.000875427390203961,185.036389510717,0.00153892705783095,123.912615554882
0.00127638647865055,114.52964701316,0.000768395235903649,120.813267627803,0.00093835497537823,179.190637421697,0.00159565569090733,120.502749049228
0.00137289999174165,112.834854005877,0.000889684568969467,117.922716040812,0.0010012825605525,173.739423904027,0.00165238432398371,116.992925351057
0.00146941350483275,110.985008518916,0.00101097390203528,114.933875799679,0.00106421014572677,168.700373788694,0.0017091129570601,113.417672991862
0.00156592701792385,108.990726855517,0.0011322632351011,111.879435564512,0.00112713773090104,164.035298178333,0.00176584159013648,109.815164841221
0.00166244053101495,106.864166462685,0.00125355256816692,108.777422325172,0.00119006531607531,159.662793993719,0.00182257022321286,106.228022909673
0.00175895404410605,104.61874157436,0.00137484190123274,105.63818682465,0.00125299290124957,155.475100281111,0.00187929885628925,102.699014397211
0.00185546755719715,102.268730528434,0.00149613123429855,102.470489224112,0.00131592048642385,151.355628389379,0.00193602748936563,99.266712320504
0.00195198107028825,99.8288380125297,0.00161742056736437,99.2858541669411,0.00137884807159811,147.194139844103,0.00199275612244201,95.9616624677489
0.00204849458337935,97.3137892474971,0.00173870990043019,96.1009080057609,0.00144177565677238,142.897714223282,0.0020494847555184,92.8035762845831
0.00214500809647045,94.7380329027399,0.001859999233496,92.9377845724015,0.00150470324194665,138.397070181192,0.00210621338859478,89.79997074776
0.00224152160956155,92.1156151052643,0.00198128856656182,89.8228630622113,0.00156763082712092,133.64907094938,0.00216294202167116,86.9465061936192
0.00233803512265265,89.4593404374416,0.00210257789962764,86.7887262747245,0.00163055841229519,128.625901590592,0.00221967065474755,84.2351554745059
0.00243454863574375,86.785570576732,0.00222386723269346,83.8637335668261,0.00169348599746946,123.343032365857,0.00227639928782393,81.6416405383757
0.00253106214883484,84.1104938292565,0.00234515656575927,81.0607717022067,0.00175641358264373,117.855481917293,0.00233312792090031,79.1377352473499
0.00262757566192594,81.4494590554751,0.00246644589882509,78.3846819309424,0.001819341167818,112.230951243238,0.0023898565539767,76.7071066451853
0.00272408917501704,78.8188458555446,0.00258773523189091,75.8271667726032,0.00188226875299227,106.558369142323,0.00244658518705308,74.3404300484424
0.00282060268810814,76.2358469304006,0.00270902456495672,73.3673822338731,0.00194519633816653,100.94172413066,0.00250331382012946,72.0363518726218
0.00291711620119924,73.7178978196367,0.00283031389802254,70.9749833948591,0.00200812392334081,95.4909256600287,0.00256004245320584,69.8009381778264
0.00301362971429034,71.2817600760104,0.00295160323108836,68.6152288808702,0.00207105150851507,90.3106117652496,0.00261677108628223,67.6458466858284
0.00311014322738144,68.9423139267898,0.00307289256415417,66.2552428768985,0.00213397909368934,85.488549665414,0.00267349971935861,65.5856232503533
0.00320665674047254,66.7111658919418,0.00319418189721999,63.8702010146872,0.00219690667886361,81.085628803586,0.00273022835243499,63.6346189860642
0.00330317025356364,64.5952224081308,0.00331547123028581,61.448133574914,0.00225983426403788,77.1293474262092,0.00278695698551138,61.8040466544251
0.00339968376665474,62.6010176047117,0.00343676056335163,58.99225881164,0.00232276184921215,73.6121639732613,0.00284368561858776,60.1045886757438
0.00349619727974584,60.7205524349775,0.00355804989641744,56.5202460406108,0.00238568943438642,70.4952276172255,0.00290041425166414,58.5370270602024
0.00359271079283694,58.9314406410972,0.00367933922948326,54.0608802381132,0.00244861701956069,67.7237640604455,0.00295714288474053,57.0819420468368
0.00368922430592804,57.2125493194422,0.00380062856254908,51.6538146219702,0.00251154460473496,65.2267688499031,0.00301387151781691,55.7233871039666
0.00378573781901913,55.5391746474156,0.0039219178956149,49.3268776553494,0.00257447218990923,62.9180770598314,0.00307060015089329,54.4419909575951
0.00388225133211023,53.8855360485016,0.00404320722868071,47.0995383355834,0.00263739977508349,60.7504756272319,0.00312732878396968,53.2169262638667
0.00397876484520134,52.2275219207779,0.00416449656174653,44.9800867856883,0.00270032736025777,58.6995056473933,0.00318405741704606,52.0277434957566
0.00407527835829243,50.5453616484031,0.00428578589481235,42.9666806604504,0.00276325494543203,56.7632405257773,0.00324078605012244,50.8558854160395
0.00417179187138353,48.825894511104,0.00440707522787817,41.0506441922548,0.0028261825306063,54.9572024240111,0.00329751468319883,49.68577140883
0.00426830538447463,47.0641399854946,0.00452836456094398,39.2209460501563,0.00288911011578057,53.3056583365118,0.00335424331627521,48.5054105936501
0.00436481889756573,45.263944081287,0.0046496538940098,37.4686279069569,0.00295203770095484,51.8311789429407,0.00341097194935159,47.3065626454248
0.00446133241065683,43.4374544386893,0.00477094322707562,35.7900960537724,0.00301496528612911,50.5446541904562,0.00346770058242797,46.0838790522916
0.00455784592374793,41.6082245026781,0.00489223256014143,34.1885589598777,0.00307789287130338,49.4378798611724,0.00352442921550436,44.8343259151939
0.00465435943683903,39.8021521420444,0.00501352189320725,32.6733934345573,0.00314082045647765,48.4803541767361,0.00358115784858074,43.560962733128
0.00475087294993013,38.0436389229062,0.00513481122627307,31.2577327072027,0.00320374804165192,47.6211074884111,0.00363788648165712,42.2658659747741
0.00484738646302123,36.3545561862286,0.00525610055933888,29.9549746958948,0.00326667562682618,46.7950285641003,0.00369461511473351,40.9513633307014
0.00494389997611233,34.7522227642821,0.0053773898924047,28.7826957718893,0.00332960321200045,45.9246884516732,0.00375134374780989,39.6194684608919
0.00504041348920342,33.2481204560704,0.00549867922547052,27.7392801627748,0.00339253079717472,44.9522854080802,0.00380807238088627,38.271526444165
0.00513692700229453,31.8474155470168,0.00561996855853633,26.8145194187308,0.00345545838234899,43.8432205499535,0.00386480101396265,36.9081117206324
0.00523344051538563,30.5492559376115,0.00574125789160216,25.9940365301983,0.00351838596752326,42.5867391893128,0.00392152964703904,35.5291969609423
0.00532995402847672,29.3477281744135,0.00586254722466797,25.2575463745776,0.00358131355269753,41.1943994505798,0.00397825828011542,34.1345818542846
0.00542646754156782,28.2332920784587,0.00598383655773379,24.5810664759851,0.0036442411378718,39.6945678311083,0.0040349869131918,32.7245372955675
0.00552298105465892,27.1973035768354,0.00610512589079961,23.939372170285,0.00370716872304607,38.1246090166661,0.00409171554626819,31.3004837435588
0.00561949456775002,26.2275707682452,0.00622641522386542,23.3084297612735,0.00377009630822034,36.5227732590599,0.00414844417934457,29.8661493416549
0.00571600808084112,25.3097161445418,0.00634770455693124,22.6676085592519,0.0038330238933946,34.9216428831761,0.00420517281242095,28.4304677765142
0.00581252159393222,24.4367987811164,0.00646899388999706,22.0015036762766,0.00389595147856888,33.3444489384846,0.00426190144549734,27.0040773040146
0.00590903510702332,23.604585533179,0.00659028322306287,21.3012056915533,0.00395887906374314,31.8047485348853,0.00431863007857372,25.6003680125456
0.00600554862011442,22.8112889426404,0.00671157255612869,20.5648565814204,0.00402180664891741,30.3090487531984,0.0043753587116501,24.2347883265763
0.00610206213320552,22.0569816814787,0.00683286188919451,19.7973656059267,0.00408473423409168,28.8611822150308,0.00443208734472649,22.9238601462804
0.00619857564629662,21.3428075052911,0.00695415122226032,19.0091354222353,0.00414766181926595,27.4720213912409,0.00448881597780287,21.6840174134133
0.00629508915938772,20.6701164320685,0.00707544055532614,18.2160471038011,0.00421058940444022,26.15016854825,0.00454554461087925,20.5303987031823
0.00639160267247882,20.0396472084196,0.00719672988839196,17.4344570845388,0.00427351698961449,24.9102917179191,0.00460227324395564,19.4757247396937
0.00648811618556992,19.4508641057026,0.00731801922145777,16.6774380335472,0.00433644457478876,23.7674290709231,0.00465900187703202,18.5293778953925
0.00658462969866101,18.9029807180661,0.0074393085545236,15.9544762024497,0.00439937215996303,22.7316780265002,0.0047157305101084,17.696774381112
0.00668114321175211,18.3917494071118,0.00756059788758941,15.2706947835867,0.0044622997451373,21.8040509000788,0.00477245914318479,16.990713104841
0.00677765672484321,17.9082209174411,0.00768188722065523,14.6268652697363,0.00452522733031156,20.9742427842216,0.00482918777626117,16.3951011210664
0.00687417023793431,17.4451964719469,0.00780317655372105,14.0200583449758,0.00458815491548584,20.2211024641926,0.00488591640933755,15.9016919969668
0.00697068375102541,16.9951528994064,0.00792446588678686,13.444702277344,0.0046510825006601,19.5159019682113,0.00494264504241394,15.5001652784137
0.00706719726411651,16.5508635036049,0.00804575521985268,12.8937923091801,0.00471401008583437,18.827795014463,0.00499937367549032,15.1785561772618
0.00716371077720761,16.1059735559143,0.0081670445529185,12.3600214662373,0.00477693767100864,18.1302847707362,0.0050561023085667,14.9241132655076
0.00726022429029871,15.655488850502,0.00828833388598431,11.8366676476199,0.00483986525618291,17.4072050026284,0.00511283094164309,14.724085235983
0.00735673780338981,15.1961486831249,0.00840962321905013,11.3181566503165,0.00490279284135718,16.6567316138019,0.00516955957471947,14.5663863564881
0.00745325131648091,14.7266651978018,0.00853091255211595,10.8003081965067,0.00496572042653145,15.8933473407214,0.00522628820779585,14.4401057324267
0.007549764829572,14.2478189002111,0.00865220188518176,10.2800719384532,0.00502864801170572,15.1477839186032,0.00528301684087223,14.3358413127059
0.00764627834266311,13.7623694316966,0.00877349121824758,9.75624253466142,0.00509157559687999,14.4522800771842,0.00533974547394862,14.2458549593949
0.00774279185575421,13.275944840702,0.0088947805513134,9.22903159394571,0.00515450318205426,13.8345190870691,0.005396474107025,14.1643224329076
0.0078393053688453,12.7953691931663,0.00901606988437922,8.69998401569507,0.00521743076722852,13.311563503222,0.00545320274010138,14.0857353109529
0.0079358188819364,12.3275500067125,0.00913735921744504,8.17217640491369,0.0052803583524028,12.8859566853237,0.00550993137317777,14.0068576878513
0.0080323323950275,11.8792997685726,0.00925864855051085,7.6503640594137,0.00534328593757706,12.5450653720435,0.00556666000625415,13.9252413135762
0.0081288459081186,11.456715620703,0.00937993788357667,7.14098757867246,0.00540621352275133,12.263665774612,0.00562338863933053,13.8387393719029
0.0082253594212097,11.0646378513738,0.00950122721664249,6.65194975458091,0.0054691411079256,12.0091063975191,0.00568011727240691,13.7452088731489
0.0083218729343008,10.7062451557336,0.0096225165497083,6.19212224182535,0.00553206869309987,11.7478827836698,0.0057368459054833,13.6422867473603
0.0084183864473919,10.3828295527976,0.00974380588277412,5.77060148280102,0.00559499627827414,11.4522141143319,0.00579357453855968,13.5272613557413
0.008514899960483,10.0937728643733,0.00986509521583994,5.39579018389048,0.00565792386344841,11.1052553944116,0.00585030317163606,13.397053123713
0.0086114134735741,9.83672166050152,0.00998638454890575,5.07442283364304,0.00572085144862268,10.7038993254736,0.00590703180471245,13.2483081152874
0.0087079269866652,9.608744896514,0.0101076738819716,4.81067457504321,0.00578377903379695,10.2578639493054,0.00596376043778883,13.0775967088252
0.0088044404997563,9.40521650543092,0.0102289632150374,4.60777305029898,0.00584670661897122,9.79205459492601,0.00602048907086521,12.8795439524448
0.0089009540128474,9.2189297542435,0.0103502525481032,4.46241587123179,0.00590963420414548,9.3351001609038,0.0060772177039416,12.6523977657685
0.00899746752593849,9.04496081005077,0.010471541881169,4.36501363219112,0.00597256178931975,8.91118424744755,0.00613394633701798,12.3956568181317
0.0090939810390296,8.87877252790754,0.0105928312142348,4.30629771238877,0.00603548937449402,8.53772181903169,0.00619067497009436,12.1091419997872
0.00919049455212069,8.71628828410401,0.0107141205473007,4.27576924596955,0.00609841695966829,8.22284234203625,0.00624740360317074,11.7938552677831
0.00928700806521179,8.55385968649217,0.0108354098803665,4.26299985074648,0.00616134454484256,7.9649245142598,0.00630413223624713,11.4518627997954
0.00938352157830289,8.38816969516457,0.0109566992134323,4.25886688213926,0.00622427213001683,7.75399751312377,0.00636086086932351,11.0860655190477
0.00948003509139399,8.21611846823387,0.0110779885464981,4.25650241806263,0.0062871997151911,7.57451275256025,0.0064175895023999,10.6998975141341
0.00957654860448509,8.03473761456446,0.0111992778795639,4.25178028646081,0.00635012730036537,7.4088028150591,0.00647431813547628,10.2970031720295
0.00967306211757619,7.84117011909646,0.0113205672126297,4.24325134181136,0.00641305488553964,7.2404940971495,0.00653104676855266,9.88094636588996
0.00976957563066729,7.6321715639543,0.0114418565456956,4.23154701686736,0.0064759824707139,7.05722285651472,0.00658777540162905,9.45499926558126
0.00986608914375839,7.40437547043919,0.0115631458787614,4.21838236943034,0.00653891005588817,6.85220061536765,0.00664450403470543,9.02179372266053
0.00996260265684949,7.15756882362645,0.0116844352118272,4.20537822729302,0.00660183764106244,6.62402516118765,0.00670123266778181,8.58434560531189
0.0100591161699406,6.89135126661257,0.011805724544893,4.19295844694445,0.00666476522623671,6.37666583358155,0.0067579613008582,8.1452678202055
0.0101556296830317,6.60648412259668,0.0119270138779588,4.17908987393194,0.00672769281141098,6.1188252044079,0.00681468993393458,7.70689548901348
0.0102521431961228,6.30497556450299,0.0120483032110246,4.15948253750367,0.00679062039658525,5.85799228388291,0.00687141856701096,7.27173873030205
0.0103486567092139,5.9900561253683,0.0121695925440905,4.1284555433132,0.00685354798175952,5.6005826754266,0.00692814720008735,6.84253378329321
0.010445170222305,5.66604483092508,0.0122908818771563,4.07989960655091,0.00691647556693379,5.35124792861904,0.00698487583316373,6.42221550174267
0.0105416837353961,5.33811944245645,0.0124121712102221,4.00841155204645,0.00697940315210806,5.11275582374862,0.00704160446624011,6.01382723431636
0.0106381972484872,5.01201488835848,0.0125334605432879,3.91030958114351,0.00704233073728233,4.88623658528422,0.00709833309931649,5.62039705895618
0.0107347107615783,4.69368126257584,0.0126547498763537,3.78432823287547,0.00710525832245659,4.67156934523986,0.00715506173239288,5.24481503501019
0.0108312242746694,4.38951092228637,0.0127760392094196,3.63187388062528,0.00716818590763087,4.467743246899,0.00721179036546926,4.88974387347889
0.0109277377877605,4.10657784863168,0.0128973285424854,3.45682421128384,0.00723111349280513,4.27312987532927,0.00726851899854564,4.5587832666622
0.0110242513008516,3.84802286292508,0.0130186178755512,3.26495556072747,0.0072940410779794,4.08570376528502,0.00732524763162203,4.25482409101959
0.0111207648139427,3.6171430587692,0.013139907208617,3.06315757527702,0.00735696866315367,3.90330513767019,0.00738197626469841,3.97835891703115
0.0112172783270338,3.41621049685911,0.0132611965416828,2.85862710305311,0.00741989624832794,3.72403827567588,0.00743870489777479,3.73117593282315
0.0113137918401249,3.24646200681226,0.0133824858747486,2.65821232462753,0.00748282383350221,3.54698161346504,0.00749543353085117,3.5148670844405
0.011410305353216,3.10812455335584,0.0135037752078145,2.46893620505898,0.00754575141867648,3.3725328638983,0.00755216216392756,3.33070219063717
0.0115068188663071,3.00046453002088,0.0136250645408803,2.29614654762814,0.00760867900385075,3.20295491750138,0.00760889079700394,3.17945776964095
0.0116033323793982,2.92185357460342,0.0137463538739461,2.14342289309556,0.00767160658902502,3.04185476953787,0.00766561943008032,3.0612403081881
0.0116998458924893,2.86984836116166,0.0138676432070119,2.01355291560046,0.00773453417419929,2.89359368690358,0.00772234806315671,2.97535056038936
0.0117963594055804,2.84128660045381,0.0139889325400777,1.90795107995944,0.00779746175937355,2.76255017410116,0.00777907669623309,2.92023290044092
0.0118928729186715,2.83278987218772,0.0141102218731435,1.82630540643835,0.00786038934454782,2.65246267913364,0.00783580532930947,2.89354182413316
0.0119893864317626,2.84032746728204,0.0142315112062094,1.76628161979809,0.00792331692972209,2.5660421123677,0.00789253396238586,2.89304500978031
0.0120858999448537,2.85777292610374,0.0143528005392752,1.72344784578153,0.00798624451489636,2.50494745419139,0.00794926259546224,2.91600305109955
0.0121824134579448,2.88077899000125,0.014474089872341,1.69154525079105,0.00804917210007063,2.47009507345692,0.00800599122853862,2.95748614832183
0.0122789269710359,2.90536455840695,0.0145953792054068,1.66314500887897,0.0081120996852449,2.46216087034557,0.008062719861615,3.01503213614516
0.012375440484127,2.92813438517611,0.0147166685384726,1.63062417822962,0.00817502727041917,2.48206658720897,0.00811944849469139,3.08677255373936
0.0124719539972181,2.94644859680394,0.0148379578715384,1.58729236957414,0.00823795485559344,2.53123891562895,0.00817617712776777,3.17132699920139
0.0125684675103092,2.95852138882804,0.0149592472046043,1.52843699271617,0.00830088244076771,2.61398744761544,0.00823290576084415,3.26752998655567
0.0126649810234003,2.96343669886578,0.0150805365376701,1.45168644062321,0.00836381002594198,2.72995185471695,0.00828963439392054,3.37403846351718
0.0127614945364914,2.9610792861558,0.0152018258707359,1.35775279342998,0.00842673761111625,2.8787541521894,0.00834636302699692,3.48889098542262
0.0128580080495825,2.95199141562765,0.0153231152038017,1.25185895999225,0.00848966519629051,3.05823439906386,0.0084030916600733,3.60910207139855
0.0129545215626736,2.93707960879575,0.0154444045368675,1.13945481813999,0.00855259278146478,3.26346239478912,0.00845982029314969,3.73037638268675
0.0130510350757647,2.91750392641294,0.0155656938699333,1.0263448245275,0.00861552036663905,3.48653728674837,0.00851654892622607,3.84678912444337
0.0131475485888558,2.8950327766545,0.0156869832029992,0.917805488231753,0.00867844795181332,3.71680685977472,0.00857327755930245,3.94934767857046
0.0132440621019469,2.87082005074928,0.015808272536065,0.817969723071885,0.00874137553698759,3.94148044392085,0.00863000619237884,4.03067834194958
0.013340575615038,2.84590573009031,0.0159295618691308,0.729529176488392,0.00880430312216186,4.14655462212102,0.00868673482545522,4.08324219564477
0.0134370891281291,2.82126819897042,0.0160508512021966,0.653728812791358,0.00886723070733613,4.31793619842974,0.0087434634585316,4.10053442757713
0.0135336026412202,2.79789681366526,0.0161721405352624,0.590575425118792,0.0089301582925104,4.4426330214257,0.00880019209160799,4.07777196593044
0.0136301161543113,2.77684831449804,0.0162934298683283,0.539160020104761,0.00899308587768467,4.50988793283256,0.00885692072468437,4.01242217829986
0.0137266296674024,2.75925387777218,0.0164147192013941,0.498002068875125,0.00905601346285894,4.51214949124973,0.00891364935776075,3.90451136601539
0.0138231431804935,2.7462530276904,0.0165360085344599,0.465353848633078,0.00911894104803321,4.4419449281014,0.00897037799083714,3.75667939326652
0.0139196566935846,2.73884532252214,0.0166572978675257,0.439443076363369,0.00918186863320747,4.30276752620612,0.00902710662391352,3.57397589721135
0.0140161702066757,2.73778811381777,0.0167785872005915,0.418949733237342,0.00924479621838174,4.10322990231162,0.0090838352569899,3.36342192345272
0.0141126837197668,2.74336428317774,0.0168998765336573,0.402291423262228,0.00930772380355601,3.85356802873422,0.00914056389006629,3.13335565706797
0.0142091972328579,2.75373856252075,0.0170211658667232,0.388895650102693,0.00937065138873028,3.56696302276367,0.00919729252314267,2.89285978791368
0.014305710745949,2.76664762663762,0.017142455199789,0.378970952973863,0.00943357897390455,3.25842333244267,0.00925402115621905,2.6524509428099
0.0144022242590401,2.77896694363986,0.0172637445328548,0.373467799188332,0.00949650655907882,2.94349167637468,0.00931074978929543,2.41938292567982
0.0144987377721312,2.78700814996466,0.0173850338659206,0.373959020219157,0.00955943414425309,2.63690912562919,0.00936747842237182,2.19931072500818
0.0145952512852222,2.78693889067725,0.0175063231989864,0.382355069400817,0.00962236172942736,2.35138513651485,0.0094242070554482,1.99609360206251
0.0146917647983134,2.77526282963397,0.0176276125320522,0.400477232198808,0.00968528931460163,2.09661585454441,0.00948093568852458,1.81179913829446
0.0147882783114044,2.74928520594724,0.0177489018651181,0.429554552625745,0.0097482168997759,1.87866267047082,0.00953766432160097,1.64688505850785
0.0148847918244955,2.70748799015477,0.0178701911981839,0.469741761701267,0.00981114448495016,1.69975281162748,0.00959439295467735,1.50052061575962
0.0149813053375866,2.64974843684013,0.0179914805312497,0.519767178157352,0.00987407207012443,1.55850214875694,0.00965112158775373,1.37099866955122
0.0150778188506777,2.57716627267919,0.0181127698643155,0.57680663397065,0.0099369996552987,1.45150196007077,0.00970785022083012,1.25618367058031
0.0151743323637688,2.4918057061212,0.0182340591973813,0.636642011967827,0.00999992724047297,1.37132151967402,0.0097645788539065,1.15393989415446
0.0152708458768599,2.39846710805763,0.0183553485304471,0.693775472879272,0.0100628548256472,1.30843284426309,0.00982130748698288,1.06342631095401
0.015367359389951,2.30056428693723,0.018476637863513,0.742039770028767,0.0101257824108215,1.25505609818839,0.00987803612005926,0.982578897533949
0.0154638729030421,2.20105835435222,0.0185979271965788,0.776992820078709,0.0101887099959958,1.20425659885396,0.00993476475313565,0.911034595142848
0.0155603864161332,2.10214676682737,0.0187192165296446,0.795447710128374,0.01025163758117,1.15052446545552,0.00999149338621203,0.849085843582972
0.0156568999292243,2.00511838951605,0.0188405058627104,0.795910932379715,0.0103145651663443,1.09018590687866,0.0100482220192884,0.797348613453498
0.0157534134423154,1.91037430041335,0.0189617951957762,0.778597147489082,0.0103774927515186,1.02165034824679,0.0101049506523648,0.756514260141897
0.0158499269554065,1.81758849376308,0.019083084528842,0.745184007666583,0.0104404203366929,0.945497952537708,0.0101616792854412,0.727104438420178
0.0159464404684976,1.72596390336724,0.0192043738619079,0.698393330963501,0.0105033479218671,0.864409538838947,0.0102184079185176,0.709264871719475
0.0160429539815887,1.63452848946007,0.0193256631949737,0.64150700606319,0.0105662755070414,0.782939320019656,0.0102751365515939,0.702625272216767
0.0161394674946798,1.54239888048023,0.0194469525280395,0.577919958529413,0.0106292030922157,0.707132945809032,0.0103318651846703,0.70624171750999
0.0162359810077709,1.44892576067322,0.0195682418611053,0.510803700850413,0.0106921306773899,0.64400019194222,0.0103885938177467,0.718625285281154
0.016332494520862,1.35424912996805,0.0196895311941711,0.442912227273188,0.0107550582625642,0.601436756123119,0.0104453224508231,0.738194462565382
0.0164290080339531,1.25886005315472,0.0198108205272369,0.376519385547249,0.0108179858477385,0.588260586602222,0.0105020510838995,0.762023313736761
0.0165255215470442,1.16358157000055,0.0199321098603028,0.313462578436001,0.0108809134329127,0.608113585099843,0.0105587797169759,0.787710688450759
0.0166220350601353,1.06947139153854,0.0200533991933686,0.255660205217011,0.010943841018087,0.663743548221011,0.0106155083500522,0.813196489645391
0.0167185485732264,0.977734815188948,0.0201746885264344,0.203809727567707,0.0110067686032613,0.755091556764318,0.0106722369831286,0.836690498903176
0.0168150620863175,0.889658263951704,0.0202959778595002,0.158560883446599,0.0110696961884355,0.878992161569586,0.010728965616205,0.856722152295779
0.0169115755994086,0.8065636641661,0.020417267192566,0.120230993903887,0.0111326237736098,1.02917241074747,0.0107856942492814,0.872143113920855
0.0170080891124997,0.729775727307479,0.0205385565256319,0.0888150571840281,0.0111955513587841,1.19658850831509,0.0108424228823578,0.882093042919217
0.0171046026255908,0.660588923042141,0.0206598458586977,0.0640269508746308,0.0112584789439584,1.37010147606456,0.0108991515154342,0.885942801685082
0.0172011161386819,0.60031601817411,0.0207811351917635,0.0453750774399228,0.0113214065291326,1.53744726644564,0.0109558801485105,0.883231024001745
0.017297629651773,0.551021002699247,0.0209024245248293,0.0322640979859088,0.0113843341143069,1.68640915763009,0.0110126087815869,0.873609450029713
0.0173941431648641,0.512441335548313,0.0210237138578951,0.0241062411531491,0.0114472616994812,1.80605918451549,0.0110693374146633,0.856302351189086
0.0174906566779552,0.484740191052568,0.0211450031909609,0.0204219778020513,0.0115101892846554,1.88790929031468,0.0111260660477397,0.831323338499693
0.0175871701910463,0.467510990588712,0.0212662925240268,0.0209104055526963,0.0115731168698297,1.92670011716878,0.0111827946808161,0.798958122261688
0.0176836837041374,0.459721760468274,0.0213875818570926,0.0254736074831723,0.011636044455004,1.91774730873007,0.0112395233138925,0.75940016474156
0.0177801972172285,0.459724008056395,0.0215088711901584,0.0341854310046058,0.0116989720401782,1.86839650826019,0.0112962519469688,0.713101011954449
0.0178767107303196,0.465334075440277,0.0216301605232242,0.0474460510950841,0.0117618996253525,1.78522459855541,0.0113529805800452,0.6608106944476
0.0179732242434107,0.473985133656524,0.02175144985629,0.0652130599945986,0.0118248272105268,1.67673988335546,0.0114097092131216,0.603589429332281
0.0180697377565018,0.482938273290703,0.0218727391893558,0.0870876415263322,0.011887754795701,1.5522448963503,0.011466437846198,0.54278408020771
0.0181662512695929,0.48953235698602,0.0219940285224217,0.112364781126211,0.0119506823808753,1.4207746019294,0.0115231664792744,0.479968107420483
0.018262764782684,0.491403329995985,0.0221153178554875,0.13982175987648,0.0120136099660496,1.29026920910845,0.0115798951123508,0.416849191974906
0.0183592782957751,0.486075377115049,0.0222366071885533,0.16774468939595,0.0120765375512238,1.1670869028059,0.0116366237454271,0.355153811949524
0.0184557918088662,0.473418016860591,0.0223578965216191,0.194069424115115,0.0121394651363981,1.0558910457808,0.0116933523785035,0.296752152827269
0.0185523053219573,0.453667225861246,0.0224791858546849,0.216627204263205,0.0122023927215724,0.9598713770181,0.0117500810115799,0.243217278917636
0.0186488188350484,0.427841122188687,0.0226004751877507,0.233460553237365,0.0122653203067467,0.881192825119491,0.0118068096446563,0.195293511117643
0.0187453323481395,0.397586884217262,0.0227217645208166,0.24315488222547,0.0123282478919209,0.821521250681507,0.0118635382777327,0.153516309983875
0.0188418458612306,0.364970277519504,0.0228430538538824,0.245120988238581,0.0123911754770952,0.78246256328905,0.0119202669108091,0.118051754374311
0.0189383593743217,0.332233520419742,0.0229643431869482,0.239766392901528,0.0124541030622695,0.767562768094049,0.0119769955438854,0.0887395564706904
0.0190348728874128,0.301548219251835,0.023085632520014,0.228509981982164,0.0125170306474437,0.777425702571142,0.0120337241769618,0.0651575585767567
0.0191313864005039,0.274788641779068,0.0232069218530798,0.213612314533435,0.012579958232618,0.812747665852405,0.0120904528100382,0.0466976373041534
0.019227899913595,0.253347033430997,0.0233282111861456,0.198184516931488,0.0126428858177923,0.873285699589677,0.0121471814431146,0.0326434279971607
0.0193244134266861,0.238026830939597,0.0234495005192115,0.185259743190018,0.0127058134029665,0.9568926178036,0.012203910076191,0.0222417181368656
0.0194209269397772,0.229499471659079,0.0235707898522773,0.17709443872545,0.0127687409881408,1.05910721046544,0.0122606387092674,0.0147614926582867
0.0195174404528683,0.226345713030757,0.0236920791853431,0.175066451176624,0.0128316685733151,1.17305532563039,0.0123173673423437,0.00960081219373119
0.0196139539659594,0.22732535465499,0.0238133685184089,0.179474076434213,0.0128945961584893,1.28972736015573,0.0123740959754201,0.00616139376169474
0.0197104674790505,0.230883135572898,0.0239346578514747,0.189502768482786,0.0129575237436636,1.39864055429997,0.0124308246084965,0.00385741477808345
0.0198069809921416,0.23532757446977,0.0240559471845405,0.203361203351995,0.0130204513288379,1.48883324839008,0.0124875532415729,0.00235412649720246
0.0199034945052327,0.23900860984152,0.0241772365176064,0.218564717917244,0.0130833789140122,1.55007879305439,0.0125442818746493,0.00139947432984813
0.0200000080183238,0.240477740565439,0.0242985258506722,0.232322815195905,0.0131463064991864,1.57415628169849,0.0126010105077257,0.000809888633029499
0.0200965215314149,0.238616822393279,0.024419815183738,0.241970960153833,0.0132092340843607,1.55598227163138,0.012657739140802,0.000456075743700209
0.020193035044506,0.232725062856079,0.0245411045168038,0.245378063477134,0.013272161669535,1.49225099249706,0.0127144677738784,0.000250021595370297
0.0202895485575971,0.222557907709549,0.0246623938498696,0.241262392064474,0.0133350892547092,1.38803298821716,0.0127711964069548,0.000133902138571305
0.0203860620706882,0.208316255350861,0.0247836831829355,0.229361828124045,0.0133980168398835,1.25257375085736,0.0128279250400312,7.11842189177728e-05
0.0204825755837793,0.190330703915011,0.0249049725160013,0.210063102768431,0.0134609444250578,1.09596319046945,0.0128846536731076,3.99024126178374e-05
0.0205790890968704,0.17000574256907,0.0250262618490671,0.185621992129734,0.013523872010232,0.929240362177763,0.012941382306184,2.82647516513418e-05
0.0206756026099615,0.148395033635542,0.0251475511821329,0.158288354235244,0.0135867995954063,0.763029309899454,0.0129981109392603,3.19693305237367e-05
0.0207721161230526,0.126538683928163,0.0252688405151987,0.130229767104622,0.0136497271805806,0.606401829745266,0.0130548395723367,5.14954009919096e-05
0.0208686296361437,0.105370921177444,0.0253901298482645,0.103346371332407,0.0137126547657548,0.4661144287947,0.0131115682054131,9.46679592506266e-05
0.0209651431492348,0.0856538183111298,0.0255114191813304,0.0790770534622666,0.0137755823509291,0.346280620729029,0.0131682968384895,0.000177085368003741
0.0210616566623259,0.0679396430699298,0.0256327085143962,0.0583155021963542,0.0138385099361034,0.248455227423326,0.0132250254715659,0.000325630814822678
0.021158170175417,0.0525606813130905,0.025753997847462,0.0414256714638742,0.0139014375212777,0.172040369654427,0.0132817541046422,0.000583674925676083
0.0212546836885081,0.0396426483939161,0.0258752871805278,0.0283305519791763,0.0139643651064519,0.114883657182574,0.0133384827377186,0.00101815844830628
0.0213511972015992,0.0291358590899664,0.0259965765135936,0.0186411648308465,0.0140272926916262,0.0739315656966574,0.013395211370795,0.0017286155213391
0.0214477107146903,0.0208572766084855,0.0261178658466594,0.01179373148122,0.0140902202768005,0.0461606445781646,0.0134519400038714,0.00285796597252817
0.0215442242277814,0.0147048531330506,0.0262391551797253,0.00717003992958679,0.0141531478619747,0.028140606321173,0.0135086686369478,0.00460456072596924
0.0216407377408725,0.0101255795021473,0.0263604445127911,0.00418627556124577,0.014216075447149,0.0165966261953616,0.0135653972700242,0.00724777535759491
0.0217372512539636,0.00680400510530882,0.0264817338458569,0.00237248371891702,0.0142790030323233,0.00948766139779643,0.0136221259031005,0.0113079481598328
0.0218337647670547,0.00445911778340104,0.0266030231789227,0.001315316149824,0.0143419306174975,0.00530982218940995,0.0136788545361769,0.0171603985362079
0.0219302782801458,0.00284866327966156,0.0267243125119885,0.000702863785519162,0.0144048582026718,0.00302583170661513,0.0137355831692533,0.0253415646891692
0.0220267917932369,0.00177328823812774,0.0268456018450543,0.000361642066576661,0.0144677857878461,0.00198165396996943,0.0137923118023297,0.0364342527386801
0.022123305306328,0.00107582617246286,0.0269668911781202,0.000178985057484803,0.0145307133730203,0.00183110988009423,0.0138490404354061,0.0510234453982584
0.0222198188194191,0.000637413774135307,0.027088180511186,8.51286571464534e-05,0.0145936409581946,0.00248000178222277,0.0139057690684825,0.0696346690230001
0.0223163323325102,0.000371927172238158,0.0272094698442518,3.88767418923677e-05,0.0146565685433689,0.00405328775875933,0.0139624977015588,0.092657720642627
0.0224128458456013,0.000219951230791008,0.0273307591773176,1.70362266643498e-05,0.0147194961285431,0.0068822674944522,0.0140192263346352,0.120261618020952
0.0225093593586924,0.00014318342556108,0.0274520485103834,7.16412434499634e-06,0.0147824237137174,0.0115033904576296,0.0140759549677116,0.152309623485623
0.0226058728717835,0.000124796545996,0.0275733378434492,2.90530977175332e-06,0.0148453512988917,0.0186559733936541,0.014132683600788,0.188285768908267
0.0227023863848746,0.000154011114157067,0.0276946271765151,1.18093435978325e-06,0.014908278884066,0.0293469536361645,0.0141894122338644,0.227246130075306
0.0227988998979657,0.000239728414480347,0.0278159165095809,6.0212538634131e-07,0.0149712064692402,0.0449931087809146,0.0142461408669408,0.267737606523419
0.0228954134110568,0.000405011042089384,0.0279372058426467,6.4824802131052e-07,0.0150341340544145,0.0663639955910436,0.0143028695000171,0.307549904356314
0.0229919269241479,0.000689842715029113,0.0280584951757125,1.31367725231589e-06,0.0150970616395888,0.0942224510690981,0.0143595981330935,0.344603270387478
0.023088440437239,0.00115559588672613,0.0281797845087783,3.31405988396116e-06,0.015159989224763,0.128843916106851,0.0144163267661699,0.376830104250422
0.0231849539503301,0.00189051584261031,0.0283010738418441,8.23492130420916e-06,0.0152229168099373,0.169789861255489,0.0144730553992463,0.402382256739904
0.0232814674634212,0.00301565392316316,0.02842236317491,1.96802108978967e-05,0.0152858443951116,0.215741805135879,0.0145297840323227,0.419840314286977
0.0233779809765123,0.00469041052518783,0.0285436525079758,4.50986695343504e-05,0.0153487719802858,0.264450565039613,0.0145865126653991,0.428392922817107
0.0234744944896034,0.00711655025394478,0.0286649418410416,9.90985784812786e-05,0.0154116995654601,0.31284276671697,0.0146432412984754,0.427962721501019
0.0235710080026945,0.0105392472851832,0.0287862311741074,0.00020890949744245,0.0154746271506344,0.357300995698107,0.0146999699315518,0.419260623063236
0.0236675215157856,0.0154117377638581,0.0289075205071732,0.000422778350206654,0.0155375547358086,0.394099421133668,0.0147566985646282,0.403757469224889
0.0237640350288767,0.0219692909818953,0.029028809840239,0.000821948922425363,0.0156004823209829,0.41993985797249,0.0148134271977046,0.383570957114633
0.0238605485419678,0.0305043185104109,0.0291500991733049,0.00153637752481689,0.0156634099061572,0.432502122677989,0.014870155830781,0.361387163390588
0.0239570620550589,0.0412749537524989,0.0292713885063707,0.00276335597936596,0.0157263374913315,0.430905601435994,0.0149268844638574,0.340461208997422
0.02405357556815,0.0544489153442898,0.0293926778394365,0.00478668858604887,0.0157892650765057,0.415098469067258,0.0149836130969337,0.323328811222448
0.0241500890812411,0.0700580631451737,0.0295139671725023,0.00799206653930652,0.01585219266168,0.389353287687593,0.0150403417300101,0.311989845352955
0.0242466025943322,0.0879561536602603,0.0296352565055681,0.0128720368312408,0.0159151202468543,0.357902653250479,0.0150970703630865,0.307746213693296
0.0243431161074233,0.107786136534058,0.029756545838634,0.0201709416375473,0.0159780478320285,0.325603657044853,0.0151537989961629,0.311076156497
0.0244396296205144,0.12896345725387,0.0298778351716998,0.0305521211926613,0.0160409754172028,0.297276989292102,0.0152105276292393,0.32158978100482
0.0245361431336055,0.150681170813612,0.0299991245047656,0.0444812173661401,0.0161039030023771,0.277065434467041,0.0152672562623157,0.338069032943958
0.0246326566466966,0.171941149010602,0.0301204138378314,0.0622857819749527,0.0161668305875513,0.267895777263354,0.015323984895392,0.3585884759843
0.0247291701597877,0.191319857655236,0.0302417031708972,0.0839328252941075,0.0162297581727256,0.271104539337901,0.0153807135284684,0.380706542594723
0.0248256836728788,0.207653801126082,0.030362992503963,0.108904427405604,0.0162926857578999,0.286265909588688,0.0154374421615448,0.401710599045279
0.0249221971859699,0.219941454806296,0.0304842818370289,0.136127216879105,0.0163556133430741,0.311239044555208,0.0154941707946212,0.418394645676862
0.025018710699061,0.227386039547559,0.0306055711700947,0.163986552071786,0.0164185409282484,0.342431538844245,0.0155508994276976,0.428284297266965
0.0251152242121521,0.229497672107782,0.0307268605031605,0.190443383096966,0.0164814685134227,0.375255146881424,0.015607628060774,0.429948417084272
0.0252117377252432,0.226142109725037,0.0308481498362263,0.213251685462875,0.016544396098597,0.404727460971847,0.0156643566938503,0.422590123808818
0.0253082512383343,0.217553009938099,0.0309694391692921,0.230250959249618,0.0166073236837712,0.425293345952328,0.0157210853269267,0.40621419319046
0.0254047647514254,0.204306644707109,0.031090728502358,0.23968681226947,0.0166702512689455,0.433520510853611,0.0157778139600031,0.381574258304954
0.0255012782645165,0.187262477472745,0.0312120178354238,0.24049877908822,0.0167331788541198,0.427848609116941,0.0158345425930795,0.350047082525144
0.0255977917776076,0.16747702431724,0.0313333071684896,0.232373750991529,0.016796106439294,0.408300513968972,0.0158912712261559,0.313453399507451
0.0256943052906987,0.146101612241929,0.0314545965015554,0.215864011957229,0.0168590340244683,0.376498254185891,0.0159479998592323,0.273849292186471
0.0257908188037898,0.124348090029245,0.0315758858346212,0.193343545381749,0.0169219616096426,0.33529678987971,0.0160047284923086,0.233313739978146
0.0258873323168809,0.103364793912726,0.031697175167687,0.16699642604222,0.0169848891948168,0.288273102321646,0.016061457125385,0.193756720306622
0.025983845829972,0.0839097763303986,0.0318184645007528,0.139097835853735,0.0170478167799911,0.239171688179898,0.0161181857584614,0.157004059245466
0.0260803593430631,0.0665055250295385,0.0319397538338187,0.111715130820668,0.0171107443651654,0.191403793963223,0.0161749143915378,0.124289489741846
0.0261768728561542,0.0514483270646638,0.0320610431668845,0.0864895478987154,0.0171736719503396,0.147675545592823,0.0162316430246142,0.0960364075260939
0.0262733863692453,0.0388318112297596,0.0321823324999503,0.0645213378046096,0.0172365995355139,0.109786112106984,0.0162883716576906,0.0724054647159098
0.0263698998823364,0.0285838442563321,0.0323036218330161,0.0463571190228592,0.0172995271206882,0.0785993233737825,0.0163451002907669,0.0532432989546454
0.0264664133954275,0.0205102607809621,0.0324249111660819,0.0320595474870677,0.0173624547058625,0.054159036601344,0.0164018289238433,0.0381695799163488
0.0265629269085186,0.0143395299191712,0.0325462004991477,0.0213286076169918,0.0174253822910367,0.0361620043181068,0.0164585575569197,0.0266633239423902
0.0266594404216097,0.00976356993363926,0.0326674898322136,0.0136414771928845,0.017488309876211,0.0234259193846556,0.0165152861899961,0.0181398913209245
0.0267559539347008,0.00647136136969138,0.0327887791652794,0.00838275789355536,0.0175512374613853,0.0146534173651214,0.0165720148230725,0.0120131870415986
0.0268524674477919,0.00423723813679548,0.0329100684983452,0.00494632861313853,0.0176141650465595,0.0088446880708758,0.0166287434561489,0.00774054247503937
0.026948980960883,0.00271568729053798,0.033031357831411,0.00285804602689241,0.0176770926317338,0.00514752566507288,0.0166854720892252,0.00485033759180813
