"input_x","density_x","density_norm_x","density_laplace_x","density_ggd_x","input_y","density_y","density_norm_y","density_laplace_y","density_ggd_y"
-0.0268146829868963,0.00269760446241533,0.000712609691159399,0.182013507885497,0.0829328124704193,-0.0170057892405593,0.00927445790049624,4.32255137092841e-05,0.0738231721783656,0.176655420976889
-0.0267127648538751,0.00386763425459294,0.000776828823561904,0.186526376133761,0.0855988650323931,-0.0169398729225923,0.0156729830596897,4.8441845402673e-05,0.0761536999216617,0.180980452736481
-0.026610846720854,0.00545735949418644,0.000846560224268658,0.191151137065502,0.0883487432824163,-0.0168739566046254,0.0256396690465641,5.42639201877169e-05,0.0785578002222188,0.185413988484629
-0.0265089285878329,0.00758126652225632,0.000922251367825319,0.195890564963486,0.0911850151537531,-0.0168080402866584,0.0406050325824225,6.07591404288985e-05,0.0810377956961039,0.189958824846297
-0.0264070104548118,0.0103725617863475,0.00100438375008708,0.200747502896436,0.0941103248159275,-0.0167421239686914,0.0622861617594717,6.80020565470333e-05,0.0835960822821777,0.194617832727944
-0.0263050923217907,0.0139825816176774,0.00109347527667028,0.205724864424514,0.0971273948508084,-0.0166762076507245,0.0925964276121191,7.60750843903919e-05,0.086235131556825,0.19939395935798
-0.0262031741887695,0.0185790635239797,0.00119008280278322,0.210825635347098,0.100239028487667,-0.0166102913327575,0.133486515293102,8.50692900717077e-05,0.0889574931217602,0.204290230385408
-0.0261012560557484,0.0243430900403419,0.00129480483274927,0.216052875493893,0.103448111898692,-0.0165443750147906,0.186709155955952,9.5085248131698e-05,0.091765797067213,0.209309752038417
-0.0259993379227273,0.0316638753822598,0.0014082843878955,0.221409720560447,0.106757616556474,-0.0164784586968236,0.253518342319255,0.000106233979349147,0.0946627565128746,0.214455713344679
-0.0258974197897062,0.0406342844943486,0.00153121205184799,0.22689938398918,0.110170601655021,-0.0164125423788566,0.334330043428292,0.000118637975008172,0.09765117022906,0.21973138841523
-0.0257955016566851,0.0513827391428223,0.00166432920265157,0.232525158897049,0.113690216595874,-0.0163466260608897,0.428387657520639,0.00013243231495663,0.100733925340616,0.225140138793791
-0.0256935835236639,0.0640461031545337,0.00180843144151521,0.238290420051014,0.117319703540955,-0.0162807097429227,0.533488822897669,0.000147765887347419,0.103914000116192,0.23068541587353
-0.0255916653906428,0.07871806945527,0.00196437222837568,0.244198625892475,0.121062400033796,-0.0162147934249557,0.645837587157133,0.000164802718548402,0.107194466845562,0.236370763383257
-0.0254897472576217,0.0954366961177612,0.002133066734869,0.250253320611909,0.124921741690841,-0.0161488771069888,0.759589644692364,0.00018372342233864,0.110578494807783,0.242199819945149
-0.0253878291246006,0.114172825432697,0.00231549592570282,0.256458136274946,0.128901264964547,-0.0160829607890218,0.867061046680686,0.000204726778180232,0.114069353333054,0.248176321706147
-0.0252859109915794,0.134820075064134,0.00251271087983113,0.262816795001156,0.133004609980049,-0.0160170444710548,0.960971174001856,0.00022803144906835,0.117670414961241,0.254304105045259
-0.0251839928585583,0.157239043637201,0.00272583736324573,0.269333111196861,0.137235523447192,-0.0159511281530879,1.03449488190719,0.000253877850218589,0.121385158700101,0.260587109359038
-0.0250820747255372,0.181158968133193,0.00295608066561442,0.276010993843303,0.141597861649767,-0.0158852118351209,1.08203811774331,0.000282530180652637,0.125217173386377,0.267029379927604
-0.0249801565925161,0.20596607598671,0.00320473071341532,0.28285444884155,0.146095593513833,-0.0158192955171539,1.0999241394225,0.000314278630592176,0.129170161152996,0.273635070863648
-0.024878238459495,0.231172411188081,0.00347316747263634,0.289867581415536,0.150732803757039,-0.015753379199187,1.0868631045097,0.000349441778468711,0.133247941005719,0.280408448146933
-0.0247763203264738,0.256239560546657,0.00376286665452919,0.297054598574693,0.155513696120911,-0.01568746288122,1.04413627770713,0.000388369192305662,0.137454452512711,0.28735389274687
-0.0246744021934527,0.28060013124808,0.00407540573832698,0.304419811637627,0.160442596688094,-0.0156215465632531,0.975471354571338,0.000431444251230111,0.141793759610576,0.294475903835864
-0.0245724840604316,0.303681699496522,0.0044124703252509,0.311967638818379,0.165523957286589,-0.0155556302452861,0.886633502075435,0.000479087203927034,0.146270054530554,0.301779102096181
-0.0244705659274105,0.324932128079096,0.00477586083854516,0.319702607876802,0.170762358983084,-0.0154897139273191,0.784800249728583,0.000531758481960247,0.150887661848664,0.30926823312319
-0.0243686477943894,0.343845083294105,0.00516749958468675,0.327629358834661,0.176162515667473,-0.0154237976093522,0.677820321866709,0.000589962287053331,0.155651042663698,0.316948170927912
-0.0242667296613682,0.359651252417957,0.00558943819131718,0.335752646759062,0.181729277730749,-0.0153578812913852,0.574152430933533,0.000654250472652067,0.160564798907121,0.324823921541927
-0.0241648115283471,0.372139866590442,0.0060438654378357,0.34407734461491,0.18746763583848,-0.0152919649734182,0.481534969319912,0.00072522674137874,0.165633677789021,0.332900626727763
-0.024062893395326,0.38128538051077,0.00653311549497331,0.352608446188078,0.19338272480211,-0.0152260486554513,0.405270925513367,0.000803551181339564,0.170862576384422,0.341183567798004
-0.0239609752623049,0.387046037346491,0.00705967659003595,0.361351069081062,0.199479827550393,-0.0151601323374843,0.349393982658731,0.000889945165660467,0.176256546364374,0.349678169546449
-0.0238590571292838,0.389490868976224,0.00762620011485772,0.370310457782906,0.205764379203296,-0.0150942160195173,0.316614537750428,0.000985196641104784,0.181820798876407,0.35839000429479
-0.0237571389962626,0.38878908893327,0.00823551019384048,0.379491986815246,0.212241971250757,-0.0150282997015504,0.308460014332969,0.00109016583316947,0.187560709579051,0.367324796058347
-0.0236552208632415,0.385195591135514,0.00889061372977256,0.388901163956356,0.218918355838742,-0.0149623833835834,0.325443281872558,0.00120579139666567,0.193481823835293,0.376488424834543
-0.0235533027302204,0.37903363097469,0.00959471094541213,0.398543633545128,0.225799450165063,-0.0148964670656165,0.367213406022096,0.00133309704246443,0.199589862069985,0.385886931017916
-0.0234513845971993,0.370642620278112,0.0103512064390898,0.408425179866983,0.232891340987497,-0.0148305507476495,0.432660557019706,0.00147319867282952,0.205890725296383,0.395526519945593
-0.0233494664641782,0.360314698156641,0.0111637207728253,0.418551730623715,0.240200289246775,-0.0147646344296825,0.519965597435081,0.00162731205956713,0.212390500817154,0.405413566577252
-0.023247548331157,0.348752641692686,0.0120361026116637,0.428929360489385,0.247732734807055,-0.0146987181117156,0.626601743366169,0.00179676110109485,0.219095468105352,0.415554620313779
-0.0231456301981359,0.336357472099487,0.0129724414331111,0.439564294754367,0.255495301316562,-0.0146328017937486,0.749308536495863,0.00198298669647072,0.226012104871058,0.425956409958914
-0.0230437120651148,0.323514190085207,0.0139770808256903,0.450462913059749,0.263494801191089,-0.0145668854757816,0.884368595115666,0.00218755627642433,0.233147093319538,0.436625848828363
-0.0229417939320937,0.310589733640295,0.0150546323957342,0.461631753224332,0.271738240723152,-0.0145009691578147,1.02612351984143,0.00241217403349592,0.240507326606957,0.447570040010968
-0.0228398757990726,0.297932959597321,0.0162099903015912,0.473077515166502,0.280232825319588,-0.0144350528398477,1.16834555121765,0.00265869189551272,0.248099915499902,0.458796281786704
-0.0227379576660514,0.285875813751731,0.017448346434419,0.484807064923357,0.288985964870474,-0.0143691365218807,1.30502544666939,0.00292912128881323,0.255932195245142,0.470312073206412
-0.0226360395330303,0.274734836365709,0.0187752062647082,0.496827438769475,0.298005279252273,-0.0143032202039138,1.43009141614011,0.00322564573986487,0.264011732656246,0.482125119838356
-0.0225341214000092,0.264947675863566,0.0201964053735674,0.509145847437802,0.307298603968179,-0.0142373038859468,1.5378113530072,0.00355063436620715,0.272346333423935,0.494243339686839
-0.0224322032669881,0.256839807384343,0.0217181266876523,0.521769680445203,0.316873995928653,-0.0141713875679798,1.62324708978671,0.00390665630998466,0.280944049657206,0.506674869288317
-0.022330285133967,0.250574352545162,0.0233469184363944,0.534706510525251,0.326739739375238,-0.0141054712500129,1.68271139472472,0.00429649616970806,0.289813187662521,0.519428069990596
-0.0222283670009458,0.246359796055135,0.0250897128499019,0.547964098170932,0.336904351950747,-0.0140395549320459,1.71416480788407,0.00472317048829147,0.298962315968586,0.53251153442093
-0.0221264488679247,0.244356085449971,0.0269538456155411,0.561550396289971,0.347376590918992,-0.013973638614079,1.71748394941875,0.00518994535785403,0.308400273604455,0.545934093148978
-0.0220245307349036,0.244663303442195,0.0289470761107758,0.575473554975598,0.358165459537267,-0.013907722296112,1.69453867158542,0.00570035520423538,0.318136178638971,0.559704821550829
-0.0219226126018825,0.247311282149474,0.0310776084293254,0.589741926395586,0.369280213584859,-0.013841805978145,1.64903430759603,0.00625822281665155,0.32817943698979,0.573833046880479
-0.0218206944688614,0.252251089259462,0.0333541132171031,0.604364069802521,0.380730368050869,-0.0137758896601781,1.58577574436876,0.00686768069039979,0.338539751510495,0.588328355555379
-0.0217187763358402,0.259350005092604,0.0357857503337089,0.619348756668286,0.392525703984753,-0.0137099733422111,1.51116205524915,0.00753319375299994,0.349227131364581,0.603200600662882
-0.0216168582028191,0.26861359459405,0.0383821923544688,0.634704975945862,0.404676275512948,-0.0136440570242441,1.43211167746945,0.0082595835466237,0.360251901695372,0.618459909694669
-0.021514940069798,0.279366930190591,0.0411536489271348,0.650441939461577,0.417192417025087,-0.0135781407062772,1.3534587503131,0.00905205394210083,0.371624713601202,0.634116692516446
-0.0214130219367769,0.291206549406745,0.0441108919963754,0.666569087441069,0.430084750533292,-0.0135122243883102,1.27873159005472,0.00991621846219132,0.38335655442551,0.650181649580491
-0.0213111038037558,0.303692304919355,0.0472652819081019,0.683096094172239,0.443364193208104,-0.0134463080703432,1.21007161525215,0.0108581292941593,0.395458758371778,0.666665780388838
-0.0212091856707346,0.316369596313726,0.0506287944044719,0.700032873808631,0.457041965094682,-0.0133803917523763,1.14844007561878,0.0118843080739641,0.407943017453576,0.683580392215208
-0.0211072675377135,0.328792780905062,0.0542140485190984,0.717389586316691,0.471129597012911,-0.0133144754344093,1.09404547901728,0.0130017785265817,0.420821392790285,0.70093710909404
-0.0210053494046924,0.340548709285295,0.0580343353805568,0.735176643570491,0.485638938645129,-0.0132485591164424,1.04688198971179,0.0142181010490664,0.434106326259422,0.718747881085251
-0.0209034312716713,0.35127935938263,0.062103647930719,0.753404715597553,0.500582166815228,-0.0131826427984754,1.00724832475466,0.0155414093249429,0.447810652516814,0.737024993823707
-0.0208015131386502,0.360601910438638,0.0664367115627612,0.772084736979547,0.515971793962926,-0.0131167264805084,0.976120635637382,0.0169804490603582,0.461947611396235,0.755781078362631
-0.020699595005629,0.368294950272682,0.0710490156818638,0.791227913411686,0.531820676817065,-0.0130508101625415,0.955281397444911,0.0185446189341119,0.476530860700494,0.775029121320534
-0.0205976768726079,0.374464453835526,0.0759568461896663,0.810845728424748,0.5481420252718,-0.0129848938445745,0.947388394421731,0.020244013855181,0.491574489396319,0.794782475341597
-0.0204957587395868,0.379218887546285,0.0811773188914475,0.830949950273771,0.564949411469634,-0.0129189775266075,0.95637311313787,0.0220894706226647,0.507093031225797,0.815054869879723
-0.0203938406065657,0.382779307540244,0.086728413822749,0.851552638997547,0.58225677909527,-0.0128530612086406,0.982973391431782,0.0240926160841435,0.523101478747512,0.83586042231691
-0.0202919224735446,0.385473898667988,0.0926290104897836,0.872666153653148,0.600078452884288,-0.0127871448906736,1.02764907500133,0.0262659178892736,0.539615297820943,0.857213649426903
-0.0201900043405234,0.387730251844168,0.0988989240154215,0.894303159729828,0.618429148350699,-0.0127212285727066,1.08918030196817,0.0286227379359829,0.556650442548133,0.879129479195512
-0.0200880862075023,0.39006597543214,0.105558942179867,0.916476636746744,0.637323981737485,-0.0126553122547397,1.16464704418654,0.0311773886068692,0.574223370687039,0.901623263009359
-0.0199861680744812,0.393078218549214,0.112630863342285,0.939199886039058,0.656778480194249,-0.0125893959367727,1.2497327003181,0.0339451918933097,0.592351059551476,0.924710788225244
-0.0198842499414601,0.397744104651163,0.120137535226635,0.962486538737086,0.676808592186128,-0.0125234796188057,1.33929419517628,0.0369425415043238,0.611051022413003,0.948408291132751
-0.0197823318084389,0.404783335679337,0.128102894551825,0.986350563943287,0.697430698138182,-0.0124575633008388,1.42809074010384,0.0401869680563784,0.630341325420604,0.972732470323148
-0.0196804136754178,0.414952620717438,0.136552007482956,1.01080627711199,0.718661621319489,-0.0123916469828718,1.51153498827738,0.0436972074390371,0.650240605054503,0.997700500478131
-0.0195784955423967,0.429055649312985,0.14551111087696,1.0358683486369,0.740518638971189,-0.0123257306649049,1.58632728091133,0.0474932724496051,0.670768086130983,1.02333004659241
-0.0194765774093756,0.447900334830514,0.155007654292308,1.06155181265148,0.763019493682777,-0.0122598143469379,1.6508563463164,0.0515965277876914,0.691943600375602,1.04963927864467
-0.0193746592763545,0.47228059972381,0.165070342728632,1.08787207604762,0.786182405020939,-0.0121938980289709,1.70529524346894,0.0560297684978279,0.713787605582739,1.07664688673188
-0.0192727411433333,0.502955051483116,0.175729180058184,1.11484492771783,0.810026081415282,-0.012127981711004,1.75091268375291,0.060817301944964,0.736321205379999,1.10437209668267
-0.0191708230103122,0.540622323682941,0.187015513106918,1.14248654802659,0.834569732305279,-0.012062065393037,1.79167842629709,0.0659850334037177,0.759566169616557,1.13283468616574
-0.0190689048772911,0.586283580666986,0.198962076338702,1.17081351851661,0.859833080552814,-0.01199614907507,1.83074715310568,0.0715605553377009,0.78354495539514,1.16205500131014
-0.01896698674427,0.640943579054455,0.211603037091778,1.19984283185569,0.88583637512469,-0.0119302327571031,1.87087433465426,0.0775732404400017,0.808280728767979,1.19205397385474
-0.0188650686112489,0.704006099701457,0.224974041311969,1.22959190203017,0.912600404049487,-0.0118643164391361,1.91405822786334,0.0840543384999594,0.833797387117665,1.22285313884478
-0.0187631504782277,0.775449334072679,0.239112259722458,1.26007857479122,0.940146507653175,-0.0117984001211691,1.96135774255463,0.0910370771546931,0.860119582244563,1.25447465289423
-0.0186612323452066,0.855004085833277,0.254056434365069,1.29132113836002,0.96849659207782,-0.0117324838032022,2.01287762162363,0.0985567665763664,0.887272744183067,1.28694131303313
-0.0185593142121855,0.942136576179327,0.269846925443026,1.32333833439848,0.997673143087854,-0.0116665674852352,2.06787374119343,0.106650908137916,0.915283105769712,1.32027657616007
-0.0184573960791644,1.03604076432657,0.286525758389997,1.35614936925187,1.02769924016819,-0.0116006511672683,2.12491966151283,0.115359307090834,0.944177727986877,1.35450457912039
-0.0183554779461433,1.13564146807954,0.304136671085054,1.38977392547025,1.05859857091865,-0.0115347348493013,2.18207915446071,0.124724189278596,0.973984526106568,1.38965015943172
-0.0182535598131221,1.23960936189597,0.322725161127759,1.42423217361558,1.09039544574891,-0.0114688185313343,2.23704592744366,0.134790321898423,1.00473229665953,1.42573887667921
-0.018151641680101,1.34644419051355,0.342338533082186,1.45954478436153,1.12311481287852,-0.0114029022133674,2.28723702588775,0.145605138312198,1.03645074525577,1.4627970346034
-0.0180497235470799,1.45378111213547,0.363025945593113,1.49573294089335,1.156782273646,-0.0113369858954004,2.32896035967106,0.157218866894536,1.06917051528329,1.50085170390498
-0.0179478054140588,1.55965576840644,0.384838458271992,1.5328183516151,1.19142409813153,-0.0112710695774334,2.35940414168062,0.169684663892189,1.10292321751291,1.53993074579112
-0.0178458872810377,1.66221974737725,0.407829078244606,1.57082326317207,1.2270672410973,-0.0112051532594665,2.37586435855868,0.183058750254107,1.13774146063756,1.58006283628939
-0.0177439691480165,1.75971650944439,0.432052806246581,1.60977047379593,1.26373935824983,-0.0111392369414995,2.37586582631821,0.19740055237561,1.1736588827758,1.62127749135594
-0.0176420510149954,1.85055104662644,0.457566682147075,1.64968334698091,1.30146882282813,-0.0110733206235325,2.35761681984549,0.21277284668316,1.21071018396977,1.66360509280585
-0.0175401328819743,1.93335323584885,0.48442982977521,1.69058582549896,1.34028474252214,-0.0110074043055656,2.32031417160882,0.229241907968204,1.24893115970914,1.70707691509449
-0.0174382147489532,2.0070322724751,0.512703500917886,1.73250244576243,1.38021697672505,-0.0109414879875986,2.2643701339595,0.246877661359442,1.28835873551334,1.75172515297991
-0.0173362966159321,2.07052281948451,0.542451118351863,1.77545835254294,1.42129615412368,-0.0108755716696316,2.19150536785371,0.265753837802676,1.32903100260554,1.79758295009729
-0.0172343784829109,2.12245728054587,0.573738317767101,1.81947931405502,1.46355369063061,-0.0108096553516647,2.10467909367066,0.28594813289608,1.37098725471279,1.84468442847794
-0.0171324603498898,2.16422793757677,0.606632988432659,1.86459173741394,1.50702180766186,-0.0107437390336977,2.00786264282398,0.307542368906334,1.41426802602798,1.89306471904624
-0.0170305422168687,2.19632891875525,0.641205312450654,1.91082268447665,1.55173355076367,-0.0106778227157308,1.90569880095773,0.33062265976758,1.45891513037012,1.9427599931294
-0.0169286240838476,2.21953963729417,0.677527802438217,1.95819988807553,1.59772280859197,-0.0106119063977638,1.80311810143338,0.355279578840576,1.50497170158094,1.99380749501643
-0.0168267059508265,2.23487751047247,0.715675337471826,2.0067517686547,1.6450243322479,-0.0105459900797968,1.70562656562863,0.381608329183821,1.55248223519681,2.04624557560363
-0.0167247878178053,2.24354580565845,0.755725197122968,2.05650745131869,1.69367375497255,-0.0104800737618299,1.61826503103567,0.409708916061745,1.60149263143606,2.10011372716599
-0.0166228696847842,2.24687917388642,0.797757093408903,2.10749678330395,1.74370761220412,-0.0104141574438629,1.5449949715235,0.439686321387406,1.65205023954356,2.1554526192949
-0.0165209515517631,2.24628937019464,0.841853200477103,2.15975035188345,1.79516336200043,-0.0103482411258959,1.48966069674053,0.471650679768517,1.70420390353504,2.21230413604444
-0.016419033418742,2.24314782912954,0.888098181837191,2.2132995027153,1.84807940582943,-0.010282324807929,1.45586845926066,0.505717455796045,1.75800400938562,2.27071141433023
-0.0163171152857209,2.23927783179154,0.936579214949429,2.26817635864616,1.90249510973044,-0.010216408489962,1.44692242247438,0.542007622184283,1.81350253370804,2.33071888362626
-0.0162151971526997,2.23610611670743,0.987386012974466,2.32441383898107,1.95845082584838,-0.010150492171995,1.46561293611744,0.580647838339979,1.87075309396753,2.39237230700733
-0.0161132790196786,2.23482746258886,1.0406108434849,2.38204567923088,2.0159879143432,-0.0100845758540281,1.51386108307796,0.621770628906229,1.92981100028202,2.45571882358627
-0.0160113608866575,2.23653036340685,1.09634854393536,2.44110645134939,2.07514876567643,-0.0100186595360611,1.59226947850999,0.665514561794189,1.99073330885756,2.52080699239737
-0.0159094427536364,2.24219621366574,1.15469653368443,2.50163158447225,2.1359768232765,-0.00995274321809415,1.69966679034744,0.712024425182444,2.05357887711066,2.58768683777924
-0.0158075246206153,2.25270307846887,1.21575482235836,2.56365738617001,2.19851660658424,-0.00988682690012719,1.83275575526942,0.761451402930247,2.11840842053085,2.65640989631283
-0.0157056064875941,2.26883267647175,1.2796260143441,2.6272210642282,2.26281373447982,-0.00982091058216022,1.98597677075307,0.81395324781672,2.18528457133823,2.72702926537214
-0.015603688354573,2.29134794989952,1.34641530919664,2.69236074896735,2.32891494909165,-0.00975499426419326,2.15176101058977,0.86969445198384,2.25427193899287,2.79959965334799
-0.0155017702215519,2.32189632084279,1.41623049774375,2.75911551611645,2.3968681399881,-0.0096890779462263,2.31933863910418,0.928846413926524,2.32543717261441,2.87417743160731
-0.0153998520885308,2.36007439186712,1.48918195367007,2.82752541025359,2.46672236875192,-0.00962316162825933,2.47848567451942,0.991587601338657,2.39884902537219,2.9508206882531
-0.0152979339555097,2.40630997895128,1.56538262036131,2.89763146882767,2.53852789393728,-0.00955724531029237,2.62064544309034,1.05810370908954,2.47457842090806,3.02958928375307
-0.0151960158224885,2.46095378192703,1.64494799278919,2.96947574677582,2.61233619640884,-0.0094913289923254,2.73941395274147,1.12858781157115,2.55269852185624,3.11054490850746
-0.0150940976894674,2.52426943847246,1.72799609421787,3.04310134175115,2.68820000506172,-0.00942541267435844,2.83138017905227,1.20324050862289,2.63328480052607,3.19375114242975
-0.0149921795564463,2.59642116283012,1.81464744751355,3.11855241997596,2.76617332292108,-0.00935949635639148,2.89658194104178,1.28227006420755,2.71641511181638,3.27927351661698
-0.0148902614234252,2.67745996099447,1.90502504084011,3.19587424273601,2.84631145361929,-0.00929358003842451,2.93849797995078,1.36589253697976,2.80216976843154,3.36717957718955
-0.014788343290404,2.76730949007053,1.99925428752614,3.2751131935317,2.92867102824825,-0.00922766372045755,2.96356585515457,1.45433190185697,2.89063161847202,3.45753895138381
-0.0146864251573829,2.86636891747995,2.09746297989108,3.35631680590237,3.01331003258413,-0.00916174740249059,2.98028687878286,1.54782016167275,2.98188612547453,3.55042341598428
-0.0145845070243618,2.97410161474788,2.19978123682196,3.43953379194059,3.10028783468073,-0.00909583108452362,2.99804435785547,1.64659744796331,3.0760214509788,3.64590696818605
-0.0144825888913407,3.08923369952166,2.30634144489625,3.52481407151328,3.18966521282776,-0.00902991476655666,3.02581120813159,1.75091210991089,3.17312853970102,3.74406589898179
-0.0143806707583196,3.21099674667197,2.41727819285142,3.61220880220752,3.28150438386906,-0.00896399844858969,3.07166057761603,1.86102079044205,3.27330120739607,3.84497886917174
-0.0142787526252984,3.33849475677916,2.53272819920738,3.70177041001873,3.37586903187557,-0.00889808213062273,3.14138132766319,1.97718848845524,3.37663623149351,3.94872698809957
-0.0141768344922773,3.47072625657222,2.65283023285469,3.79355262079975,3.47282433716712,-0.00883216581265577,3.2347223035359,2.09968860613085,3.48323344459486,4.05539389522122
-0.0140749163592562,3.60661065268162,2.77772502642859,3.88761049248968,3.57243700567601,-0.0087662494946888,3.35011650228681,2.22880298025774,3.59319583092244,4.16506584461857
-0.0139729982262351,3.74501761975296,2.90755518229711,3.98400044814183,3.67477529864527,-0.00870033317672184,3.48434934543432,2.3648218964939,3.70662962581313,4.27783179257492
-0.013871080093214,3.88479817144612,3.04246507100065,4.08278030977057,3.77990906265288,-0.00863441685875487,3.63358845302418,2.50804408546591,3.82364441835293,4.39378348833395
-0.0137691619601928,4.02464486543484,3.18260072199011,4.18400933303732,3.88790975995312,-0.00856850054078791,3.7943918826051,2.6587766996008,3.94435325725165,4.51301556816987
-0.0136672438271717,4.16328555007203,3.32810970652162,4.28774824279661,3.99885049912475,-0.00850258422282094,3.96449235126146,2.81733526957767,4.06887276006,4.6356256529015
-0.0135653256941506,4.2997525154096,3.4791410125772,4.3940592695235,4.11280606601519,-0.00843666790485398,4.14320284989521,2.98404363928261,4.19732322583449,4.76171444898952
-0.0134634075611295,4.43317014175903,3.63584491169366,4.50300618664406,4.2298529549685,-0.00837075158688702,4.33136317575121,3.15923387815104,4.32982875135911,4.89138585336207
-0.0133614894281084,4.56275822172703,3.798372817595,4.61465434879161,4.35006940032438,-0.00830483526892005,4.5308360819267,3.34324616978608,4.46651735103596,5.02474706212063
-0.0132595712950872,4.68783193007404,3.96687713653812,4.72907073101132,4.4735354081737,-0.00823891895095309,4.74365293455595,3.53642867575033,4.60752108056078,5.16190868328495
-0.0131576531620661,4.80779925290831,4.14151110929684,4.84632396893696,4.6003327883556,-0.00817300263298613,4.97119416786322,3.7391373734416,4.75297616450278,5.30298485374319
-0.013055735029045,4.92215730279197,4.32242864472506,4.96648439996375,4.73054518667929,-0.00810708631501916,5.21322594944646,3.95173586698123,4.90302312791199,5.44809336058095
-0.0129538168960239,5.03012186338732,4.50978414485717,5.08962410544207,4.86425811735302,-0.0080411699970522,5.46447687163249,4.1745951700662,5.05780693208141,5.59735576697109
-0.0128518987630028,5.13107537707344,4.70373232152118,5.21581695391736,5.00155899560084,-0.00797525367908523,5.71843215424161,4.40809345976465,5.21747711459499,5.75089754281453
-0.0127499806299816,5.22542644158258,4.90442800445927,5.34513864544205,5.14253717044665,-0.00790933736111827,5.9667932030196,4.65261580026701,5.38218793379682,5.90884820033146
-0.0126480624969605,5.31313474136441,5.1120259409693,5.47766675698617,5.28728395764341,-0.0078434210431513,6.20046736122187,4.90855383564423,5.55209851782104,6.07134143481147
-0.0125461443639394,5.39431244479211,5.32668058710154,5.61348078897399,5.435892672724,-0.00777750472518434,6.41069260322282,5.1763054507083,5.72737301832656,6.23851527074125
-0.0124442262309183,5.46925475422108,5.54854589046583,5.75266221297435,5.58845866414809,-0.00771158840721738,6.59010507817115,5.45627439912061,5.90818076908489,6.41051221353891
-0.0123423080978972,5.53847225903797,5.77777506472616,5.89529452057349,5.7450793465184,-0.00764567208925041,6.73359413482227,5.74886989794931,6.09469644957465,6.58747940713501
-0.012240389964876,5.60272310323484,6.01452035588216,6.04146327345968,5.90585423383714,-0.00757975577128345,6.8388492201008,6.05450618793858,6.28710025374043,6.76956879765196
-0.0121384718318549,5.66304284838281,6.25893280046031,6.19125615474959,6.07088497277204,-0.00751383945331648,6.90657205723868,6.37360205882058,6.48557806407923,6.95693730344586
-0.0120365536988338,5.72074100393699,6.51116197576152,6.34476302158729,6.24027537589905,-0.00744792313534952,6.94039199256625,6.70658033907468,6.69032163122275,7.14974699178774
-0.0119346355658127,5.77820128956318,6.77135574233615,6.50207595904738,6.41413145488698,-0.00738200681738256,6.9465690042873,7.05386734961833,6.90152875918885,7.34816526247476
-0.0118327174327916,5.83765791698696,7.03965997888237,6.66328933537464,6.59256145358671,-0.00731609049941559,6.93297048564926,7.41589232100019,7.11940349648115,7.55236503867667
-0.0117307992997704,5.90155081173534,7.31621830978986,6.82849985859321,6.77567588098568,-0.00725017418144863,6.91305354344786,7.79308677375807,7.34415633322164,7.76252496533781
-0.0116288811667493,5.97254475476813,7.60117182557589,6.99780663451948,6.96358754398567,-0.00718425786348167,6.89868155574741,8.18588386170249,7.57600440450639,7.9788296154714
-0.0115269630337282,6.05346973790861,7.89465879648801,7.17131122621322,7.15641157995937,-0.0071183415455147,6.90227325755587,8.59471767799066,7.8151717001812,8.2014697046998
-0.0114250449007071,6.14725049771039,8.19681437957355,7.34911771490283,7.35426548903858,-0.00705242522754774,6.93618183547016,9.02002252396544,8.06188928123948,8.4306423144125
-0.011323126767686,6.25682726854328,8.5077703195436,7.53133276242121,7.55726916608389,-0.00698650890958077,7.0119291877225,9.4622321408497,8.31639550305172,8.66655112393317
-0.0112212086346648,6.3859079583149,8.82765464378566,7.71806567518957,7.76554493228285,-0.00692059259161381,7.13934881959132,9.92177890450736,8.5789362456421,8.90940665210685
-0.0111192905016437,6.53937361757578,9.15659135190664,7.90942846978773,7.97921756632048,-0.00685467627364685,7.32572203023277,10.3990929836088,8.84976515123466,9.15942650874049
-0.0110173723686226,6.7173044875754,9.49470010021523,8.1055359401502,8.19841433506252,-0.00678875995567988,7.57502185788133,10.8946014616695,9.12914386929863,9.4168356563525
-0.0109154542356015,6.92152484602431,9.84209588157941,8.30650572642827,8.42326502368862,-0.00672284363771292,7.88738616632367,11.4087274235676,9.41734230932959,9.68186668271149
-0.0108135361025804,7.15340899327088,10.1988887011221,8.51245838555952,8.65390196520851,-0.00665692731974595,8.25892316783617,11.9418890072857,9.71463890161069,9.95476008467
-0.0107116179695592,7.41384543105666,10.5651832482452,8.72351746358702,8.89046006929123,-0.00659101100177899,8.68191171091818,12.4944984217672,10.0213208662059,10.2357645638265
-0.0106096998365381,7.70321589653821,10.9410785654971,8.93980956977162,9.13307685033227,-0.00652509468381202,9.14739158397409,13.0669609319277,10.3376844904448,10.5251373345777
-0.010507781703517,8.02138892653576,11.3266677148286,9.16146445254183,9.3818924546805,-0.00645917836584506,9.63777944820064,13.6596738120092,10.6640354151682,10.8231444451551
-0.0104058635704959,8.36772733205246,11.7220374418018,9.38861507732672,9.63704968694118,-0.0063932620478781,10.1384047488671,14.2730252686249,11.000688930009,11.130061112271
-0.0103039454374748,8.74371161560702,12.1272678383479,9.62139770631873,9.89869403526732,-0.00632734572991113,10.6362263726826,14.9073933349944,11.3479702779957,11.4461720700355
-0.0102020273044536,9.1456803811399,12.5424320046907,9.85995198021409,10.1669736955467,-0.00626142941194417,11.1203971854072,15.5631447380317,11.7062149697717,11.7717719338437
-0.0101001091714325,9.5701631695363,12.967595711075,10.1044210019798,10.4420395943859,-0.00619551309397721,11.5833339992598,16.240633740104,12.0757691077343,12.1071655799703
-0.00999819103841139,10.0146563149756,13.4028170599667,10.3549514226979,10.7240454107888,-0.00612959677601024,12.0215265402771,16.9402009574453,12.4569897204061,12.452668541653
-0.00989627290539027,10.476402541844,13.8481461494068,10.6116935295377,11.0131475964184,-0.00606368045804328,12.4359871868137,17.6621721573628,12.8502451073627,12.8086074224904
-0.00979435477236915,10.9524440702494,14.3036247382285,10.8748013359093,11.309505394329,-0.00599776414007631,12.8322461502815,18.4068570365412,13.2559151950488,13.1753203280298
-0.00969243663934803,11.4396761189942,14.7692859138605,11.1444326738531,11.613280856044,-0.00593184782210935,13.2198163598991,19.1745479829027,13.674391903828,13.5531573164692
-0.00959051850632691,11.9349008947584,15.2451537634618,11.4207492887188,11.9246388568534,-0.00586593150414239,13.6110941880328,19.9655188236407,14.106079526619,13.9424808694568
-0.00948860037330579,12.4349000031539,15.7312430491487,11.703916936193,12.2437471091927,-0.00580001518617542,14.0197288755188,20.7800235621987,14.551395119486,14.3436663840273
-0.00938668224028467,12.9359423545596,16.2275588880895,11.9941054817316,12.5707761739621,-0.00573409886820846,14.4612157326443,21.618295107116,15.0107689045584,14.7571026867803
-0.00928476410726355,13.4343745999965,16.7340964382579,12.2914890024585,12.9058994696322,-0.00566818255024149,14.9446040725082,22.4805439958088,15.4846446856716,15.1831925714712
-0.00918284597424243,13.9273786201788,17.2508405906468,12.5962458915899,13.2492932789788,-0.00560226623227453,15.4712450255397,23.3669571164972,15.9734802771286,15.6223533612607
-0.00908092784122131,14.4124149755503,17.7777656687558,12.9085589654484,13.6011367532767,-0.00553634991430757,16.036877508466,24.2776964316239,16.4777479459968,16.0750174969453
-0.00897900970820019,14.8872899756932,18.3148351361737,13.2286155731298,13.9616119137742,-0.0054704335963406,16.6307705928913,25.2128977062407,16.9979348683686,16.5416331525763
-0.00887709157517907,15.3502204382422,18.8620013130849,13.5566077088895,14.3309036502612,-0.00540451727837364,17.236943557969,26.1726692449605,17.5345436000248,17.0226648799643
-0.00877517344215795,15.7998939016275,19.419205102532,13.8927321273151,14.7091997165314,-0.00533860096040667,17.8362885584876,27.1570906411874,18.0880925619573,17.5185942836648
-0.00867325530913683,16.2355219082979,19.9863757272724,14.2371904613551,15.0966907225294,-0.00527268464243971,18.4093042621685,28.1662115424433,18.6591165412181,18.0299207281432
-0.00857133717611571,16.6557226972959,20.5634304780636,14.590189343273,15.4935701229599,-0.00520676832447275,18.9390417483875,29.2000504357028,19.2481672075812,18.5571620789328
-0.00846941904309459,17.0615002481981,21.1502744742138,14.9519405286017,15.9000342021262,-0.00514085200650578,19.4138108790275,30.2585934567384,19.8558136465135,19.1008554797195
-0.00836750091007347,17.4551532436041,21.7468004372289,15.3226610231703,16.3162820547488,-0.00507493568853882,19.8292036092191,31.3417932275483,20.4826429089721,19.6615581674186
-0.00826558277705235,17.8385748894137,22.3528884783816,15.7025732132803,16.7425155625034,-0.00500901937057185,20.1890625327048,32.4495677260043,21.1292605785577,20.2398483274538
-0.00816366464403123,18.2141308945768,22.9684059010186,16.0919049991104,17.1789393660001,-0.00494310305260489,20.5040678967878,33.5817991919069,21.7962913565726,20.8363259915981
-0.00806174651101011,18.5845744380942,23.5932070184138,16.4908899314279,17.6257608319121,-0.00487718673463793,20.7956054681165,34.7383330736734,22.4843796655486,21.4516139809075
-0.00795982837798899,18.9529468933971,24.2271329879585,16.8997673516905,18.0831900149425,-0.00481127041667096,21.0867654147791,35.918977019905,23.1941902718276,22.0863588964569
-0.00785791024496786,19.3224683337276,24.8700116624682,17.3187825356212,18.5514396143006,-0.004745354098704,21.3964128192131,37.1234999200942,23.9264089277962,22.7412321607844
-0.00775599211194675,19.6964233501546,25.5216574593625,17.7481868403432,19.0307249243411,-0.00467943778073703,21.7381459462247,38.3516309987209,24.6817430343956,23.4169311131643
-0.00765407397892563,20.0798199723124,26.1818712484591,18.1882378551637,19.5212637789959,-0.00461352146277007,22.1181302908284,39.6030589669718,25.4609223245456,24.1141801620605
-0.0075521558459045,20.4748852836476,26.8504402590957,18.6391995560947,20.0232764896075,-0.00454760514480311,22.5343263013994,40.877431236277,26.2646995681446,24.833731998366
-0.00745023771288338,20.8842192448114,27.5271380072695,19.1013424642061,20.5369857757498,-0.00448168882683614,22.9772694025239,42.1743531978051,27.0938512993248,25.5763688733101
-0.00734831957986226,21.3100984548933,28.2117242434572,19.5749438079051,21.0626166885954,-0.00441577250886918,23.4323008311083,43.4933875719919,27.9491785666665,26.3429039452145
-0.00724640144684114,21.7544823575371,28.9039449217444,20.0602876892385,21.6003965263608,-0.00434985619090221,23.8828971020621,44.8340538320889,28.8315077070965,27.1341826996134
-0.00714448331382002,22.2190438509331,29.6035321908642,20.5576652543188,22.1505547413327,-0.00428393987293525,24.3145406769063,46.195827705615,29.741691144217,27.9510844476089
-0.0070425651807989,22.705220432596,30.3102044077061,21.0673748679758,22.713322837946,-0.00421802355496829,24.7184474425837,47.5781407574794,30.6806082118373,28.7945239077319
-0.00694064704777778,23.2142813480396,31.0236661738205,21.5897222927383,23.2889342613504,-0.00415210723700132,25.093962565077,48.9803800583983,31.6491660035037,29.6654528770133
-0.00683872891475666,23.7491126462391,31.7436083954033,22.1250208722538,23.8776242758648,-0.00408619091903436,25.453524463029,50.4018879420837,32.648300248848,30.564861997446
-0.00673681078173554,24.3117018761137,32.4697083672021,22.673591719256,24.4796298326803,-0.00402027460106739,25.820838402656,51.8419618545037,33.6789762176016,31.4937826245485
-0.00663489264871442,24.901292579239,33.2016298807428,23.2357639081921,25.0951894261285,-0.00395435828310043,26.2232344790554,53.299854298329,34.7421896521488,32.4532888053182
-0.0065329745156933,25.5193190474232,33.9390233572261,23.8118746726274,25.7245429377856,-0.00388844196513347,26.6896077476732,54.774772875476,35.8389677295194,33.4444993735065
-0.00643105638267218,26.1673203326339,34.6815260053975,24.4022696075426,26.3679314676323,-0.0038225256471665,27.2465268676263,56.2658804304361,36.9703700537509,34.4685801708573
-0.00632913824965106,26.8468935163355,35.4287620046417,25.0073028766489,27.0255971514341,-0.00375660932919954,27.9149922561558,57.7722952968414,38.137489679578,35.526746403739
-0.00622722011662994,27.5596211550236,36.1803427135016,25.6273374248417,27.6977829634487,-0.00369069301123257,28.7083277137847,59.2930916494684,39.3414541684405,36.6202651454723
-0.00612530198360882,28.3069765229213,36.9358669037667,26.2627451959225,28.384732503498,-0.00362477669326561,29.6314462411031,60.8272999636139,40.583426677826,37.7504579956345
-0.0060233838505877,29.0902110588749,37.6949210202213,26.9139073557195,29.0866897673764,-0.00355886037529865,30.6814695227879,62.3739075834936,41.8646070850046,38.9187039087002
-0.00592146571756658,29.9151651084615,38.457079466084,27.5812145207391,29.8038988994848,-0.00349294405733168,31.8494420081277,63.9318594010233,43.1862331462373,40.1264422055957
-0.00581954758454546,30.7778120906078,39.2219049141157,28.2650669924882,30.5366039264962,-0.00342702773936472,33.1227007003669,65.5000586460332,44.5495816925797,41.3751757830998
-0.00571762945152434,31.6767836809195,39.9889486433079,28.9658749976046,31.2850484707656,-0.00336111142139776,34.4886069808496,67.0773677886485,45.9559698634367,42.6664745375461
-0.00561571131850322,32.6106509858871,40.7577509010077,29.6840589339426,32.0494754420925,-0.00329519510343079,35.9380188244166,68.6626095542398,47.4067563790588,44.0019790209943
-0.0055137931854821,33.5771943796265,41.527841290273,30.4200496227593,32.830126706331,-0.00322927878546383,37.4535594108394,70.2545680510082,48.90334285321,45.383404349969
-0.00541187505246098,34.5734021094246,42.2987391821877,31.1742885671543,33.6272427292182,-0.00316336246749686,39.0277871328142,71.8519900099217,50.4471751472757,46.8125443890424
-0.00530995691943986,35.5954998046125,43.0699541528071,31.9472282169161,34.441062193648,-0.0030974461495299,40.6550808784717,73.4535861363671,52.0397447671179,48.2912762340073
-0.00520803878641874,36.6390101740475,43.8409864443383,32.7393322399366,35.2718215884705,-0.00303152983156293,42.3309288639835,75.0580325725178,53.6825903040286,49.8215650221891
-0.00510612065339762,37.6992860773939,44.6113274500994,33.5510758003538,36.119754766716,-0.00296561351359597,44.051442280643,76.6639724690529,55.377298921172,51.405469100639
-0.00500420252037649,38.7698584922312,45.3804602227369,34.3829458435914,36.9850924709583,-0.00289969719562901,45.8133029651898,78.2700176644971,57.1255078869527,53.0451455865912
-0.00490228438735537,39.8430442342689,46.1478600051192,35.2354413884658,37.868061823314,-0.00283378087766204,47.6142028019658,79.8747504700737,58.9289061567908,54.7428563587448
-0.00480036625433426,40.9128313063666,46.9129947832599,36.1090738265353,38.7688857773336,-0.00276786455969508,49.4536865414815,81.4767255575957,60.789236004832,56.5009745227185
-0.00469844812131313,41.9733843859376,47.675325860566,37.0043672288718,39.6877825287723,-0.00270194824172811,51.3341981690592,83.074471947548,62.7082947071693,58.321991399555
-0.00459652998829201,43.0192272362349,48.4343084526412,37.9218586604382,40.6249648819202,-0.00263603192376115,53.2620754153789,84.6664950941426,64.6879362782027,60.208524092535
-0.0044946118552709,44.0454245243497,49.1893923018181,38.862098502261,41.5806395678312,-0.00257011560579419,55.2482506615631,86.2512790637666,66.7300732618137,62.1633236949694
-0.00439269372224977,45.0477606400001,49.940022310532,39.8256507815902,42.5550065103954,-0.00250419928782722,57.318309080761,87.8272888028799,68.8366785790858,64.1892842102711
-0.00429077558922865,46.022913094558,50.6856391925922,40.8130935102462,43.5482580357574,-0.00243828296986026,59.4883986777967,89.392972491071,71.0097874343557,66.289452265688
-0.00418885745620753,46.9651747241047,51.4256801413522,41.8250190313548,44.5605780200759,-0.0023723666518933,61.7839225263898,90.9467639746293,73.2514992814364,68.4670377129231
-0.00408693932318641,47.8761767397125,52.1595795137233,42.8620343746798,45.5921409700384,-0.00230645033392633,64.233063380741,92.4870852756631,75.5639798519131,70.7254252228185
-0.00398502119016529,48.7583344600672,52.8867695289262,43.9247616207653,46.6431110298801,-0.00224053401595937,66.8658625727834,94.012349171465,77.949463247469,73.0681869978
-0.00388310305714417,49.6144509936722,53.6066809808246,45.0138382741071,47.7136409078841,-0.0021746176979924,69.7131376206308,95.5209618385198,80.4102540982651,75.4990967454341
-0.00378118492412305,50.4488561358285,54.3187439626363,46.1299176455761,48.8038707144539,-0.00210870138002544,72.8050327304611,97.0113255552526,82.9487297894576,78.0221450799367
-0.00367926679110193,51.2673758989521,55.0223886027735,47.2736692443242,49.913926702813,-0.00204278506205847,76.1690334612245,98.481841457333,85.567342758004,80.6415565467012
-0.00357734865808081,52.0772512345923,55.7170458105178,48.4457791794059,51.0439199021824,-0.00197686874409151,79.8273823827977,99.9309123390937,88.268622861978,83.3618084990237
-0.00347543052505969,52.8870028374521,56.4021480302021,49.6469505713595,52.193944631874,-0.00191095242612455,83.7940107438081,101.356945494371,91.05517982468,86.1876520976489
-0.00337351239203857,53.7068764382014,57.0771300025268,50.8779039739915,53.3640768830755,-0.00184503610815758,88.0713204178411,102.758355589858,93.9297057559083,89.1241357544587
-0.00327159425901745,54.5517600992603,57.7414295316092,52.13937780662,54.5543725531413,-0.00177911979019062,92.6473660197109,104.133567563845,96.8949777528212,92.1766314040138
-0.00316967612599633,55.4313695188275,58.394488256334,53.4321287970344,55.7648655148654,-0.00171320347222365,97.5117219325408,105.481019543063,99.9538605829089,95.3508640640158
-0.00306775799297521,56.3563529909817,59.0357524245422,54.7569324354379,56.9955655004313,-0.00164728715425669,102.594611771606,106.799165770156,103.109309451662,98.6529452423465
-0.00296583985995409,57.3366666815075,59.6646736685764,56.1145834396464,58.2464557763874,-0.00158137083628973,107.832335311912,108.086479534207,106.364372857616,102.089410869948
-0.00286392172693297,58.3811849574616,60.2807097806764,57.5058962318194,59.5174905819572,-0.00151545451832276,113.16106388507,109.341456096603,109.72219553752,105.667264593198
-0.00276200359391185,59.4973431287019,60.883325486706,58.9317054270129,60.8085922980919,-0.0014495382003558,118.519498998369,110.562615604472,113.18602150449,109.394027457267
-0.00266008546089073,60.690826329112,61.4719932166767,60.3928663338449,62.1196483086757,-0.00138362188238884,123.855789304092,111.74850598383,116.75919718207,113.277795267954
-0.00255816732786961,61.9653173319944,62.0461938705265,61.8902554675742,63.4505075079159,-0.00131770556442187,129.133179577321,112.89770580459,120.445174637229,117.327305254337
-0.00245624919484849,63.3299846616589,62.6054175776069,63.4247710759009,64.8009763988055,-0.00125178924645491,134.333512821111,114.008827109539,124.247514915428,121.552014097604
-0.00235433106182737,64.7797504029772,63.1491644483301,64.9973336778037,66.1708147161195,-0.00118587292848794,139.458073435193,115.080518199441,128.169891480965,125.962189985036
-0.00225241292880625,66.3055456420982,63.6769453164328,66.608886615737,67.5597304930197,-0.00111995661052098,144.525692138512,116.111466366473,132.216093765932,130.569022154348
-0.00215049479578512,67.9010770982542,64.1882824703176,68.2603966215191,68.9673744720609,-0.00105404029255401,149.568458212397,117.100400568275,136.390030831211,135.384752505343
-0.002048576662764,69.5583808788038,64.6827103719477,69.9528543962519,70.3933337379495,-0.00098812397458705,154.625728787268,118.046094034995,140.695735143039,140.422835414098
-0.00194665852974289,71.2681074356435,65.1597763617835,71.687275204618,71.8371244190244,-0.000922207656620086,159.7432570285,118.94736680188,145.137366468797,145.698134109541
-0.00184474039672176,73.0198194773976,65.6190413482704,73.464699483914,73.2981832646423,-0.000856291338653122,164.954400614694,119.80308816008,149.719215895793,151.22716521309
-0.00174282226370064,74.8022873612533,66.0600804804095,75.2861934681836,74.7758578528925,-0.00079037502068616,170.271968382945,120.612179018566,154.445709976901,157.028407871718
-0.00164090413067952,76.6038113075381,66.4824838019724,77.1528498278259,76.2693951122233,-0.000724458702719196,175.691834053113,121.373614170253,159.321415007086,163.122701298866
-0.0015389859976584,78.4106947029004,66.8858568859507,79.0657883250618,77.7779277440512,-0.000658542384752232,181.188160104292,122.086424455672,164.351041434925,169.533766159795
-0.00143706786463728,80.2081599818148,67.2698214478671,81.0261564856526,79.3004579998922,-0.000592626066785267,186.711452946206,122.749698817807,169.539448413404,176.28890415074
-0.00133514973161616,81.9841833548304,67.6340159366149,83.0351302872731,80.8358380785893,-0.000526709748818303,192.187683405495,123.36258624199,174.891648494375,183.419962110001
-0.00123323159859504,83.7267622363413,67.978096101534,85.0939148649522,82.3827461395107,-0.000460793430851338,197.518765660043,123.924297575092,180.412812471211,190.964703615185
-0.00113131346557392,85.4238395376063,68.3017355344791,87.2037452340045,83.9396565322815,-0.000394877112884374,202.584828136611,124.434107218546,186.108274374343,198.96883679471
-0.0010293953325528,87.0632039110115,68.6046261856868,89.3658870308862,85.5048022500883,-0.000328960794917413,207.248728217262,124.891354690137,191.983536624499,207.489158133149
-0.000927477199531679,88.632381580642,68.886478852299,91.5816372724199,87.0761266979194,-0.000263044476950448,211.363120568691,125.295446049841,198.044275348629,216.598729145436
-0.000825559066510561,90.1185359362382,69.1470236384595,93.8523251338437,88.6512204097195,-0.000197128158983484,214.780072398528,125.645855185412,204.29634586364,226.396103027227
-0.00072364093348944,91.4997175782425,69.386010385959,96.1793127461519,90.2272359439218,-0.000131211841016519,217.315644511726,125.942124953819,210.745788333261,237.023672057475
-0.000621722800468318,92.7583670088306,69.6032090744664,98.5639960132041,91.8007700489701,-6.5295523049555e-05,218.846499551605,126.183868175068,217.398833603475,248.71062556499
-0.0005198046674472,93.8877351953559,69.798410190451,101.007805449094,93.3676947044092,6.20794917409462e-07,219.353420454543,126.370768475385,224.261909222184,261.906041470683
-0.000417886534426079,94.8737202636193,69.9714250639662,103.512207036282,94.9229042542659,6.65371128843739e-05,218.822846290658,126.502580977182,231.3416456489,278.127923640678
-0.000315968401404958,95.7026742798602,70.1220861725377,106.078703105001,96.4599160388077,0.000132453430851335,217.289625923165,126.579132833718,232.912010590783,267.588780875441
-0.000214050268383836,96.3618441892436,70.250247411471,108.708833234468,97.970193962003,0.000198369748818299,214.833529462576,126.600323606797,225.784216366903,253.563342772172
-0.000112132135362718,96.8398586299481,70.355784329967,111.404175176443,99.4418883690768,0.000264286066785264,211.571539401803,126.566125486369,218.874553661313,241.371453623314
-1.02140023415971e-05,97.1272391986971,70.4385943325124,114.166345801681,100.857138883482,0.000330202384752228,207.647165624239,126.476583351348,212.17634700643,230.371240566466
9.17041306795242e-05,97.216912723769,70.4985968450882,116.997002069857,102.184821764871,0.000396118702719193,203.218289309989,126.331814671467,205.683125223661,220.275099216233
0.000193622263700642,97.0759925077269,70.5357334458198,119.897842023534,103.348364625517,0.000462035020686157,198.445022409805,126.132009250469,199.38861517156,210.914766124054
0.000295540396721763,96.7321931765326,70.5499679597708,117.49755185003,103.055385040021,0.000527951338653122,193.478813577812,125.877428811422,193.286735685301,202.177817753068
0.000397458529742885,96.1926177449379,70.5412865176677,114.6547851487,101.832144935581,0.000593867656620083,188.453610977277,125.56840642542,187.371591701633,193.982822250651
0.000499376662764006,95.4660624675269,70.5096975784191,111.880797093315,100.475947381331,0.000659783974587047,183.483988177454,125.205345785425,181.637468563618,186.2675047252
0.000601294795785124,94.5647148722018,70.4552319153812,109.173923635211,99.0428975212253,0.000725700292554012,178.662667411474,124.788720327454,176.078826499673,178.982352231918
0.000703212928806245,93.5037917048094,70.3779425663976,106.53254098615,97.5591693586695,0.000791616610520976,174.026865257618,124.319072201803,170.690295271556,172.086836274015
0.000805131061827367,92.3010582249138,70.2779047477303,103.95506464426,96.0405508228693,0.00085753292848794,169.587825188165,123.797011097429,165.466668986149,165.54702777485
0.000907049194848488,90.9762480624053,70.1552157320744,101.43994844352,94.4978008026796,0.000923449246454905,165.329982441437,123.223212923053,160.402901066013,159.33401107696
0.00100896732786961,89.5461673199387,70.0099946909358,98.9856836262585,92.9387999958634,0.000989365564421869,161.215510829148,122.598418348993,155.494099373855,153.422784490064
0.00111088546089073,88.0347930491824,69.842382501728,96.5907979380846,91.3696011992276,0.00105528188238883,157.190670710637,121.923431214111,150.735521486209,147.791471662345
0.00121280359391185,86.4724169568853,69.6525415200254,94.253854744717,89.7950099346925,0.00112119820035579,153.193606545371,121.199116802695,146.12257011175,142.420739533015
0.00131472172693297,84.8784781880887,69.440655317489,91.9734521701828,88.2189345992587,0.00118711451832276,149.162926488884,120.426399996409,141.650788649819,137.293358228625
0.00141663985995409,83.2706060276244,69.2069283860559,89.7482222558653,86.644611766285,0.00125303083628972,145.046144873635,119.606263306878,137.315856884878,132.393861297026
0.00151855799297521,81.6642836163772,68.9515858090611,87.5768301398986,85.0747586475279,0.00131894715425669,140.806945951449,118.739744794729,133.113586812722,127.708278627177
0.00162047612599633,80.0726188184021,68.67487290003,85.4579732564165,83.511680520619,0.00138486347222365,136.430278620898,117.827935881269,129.039918594424,123.223923160859
0.00172239425901745,78.5062192944529,68.3770548099551,83.390380554174,81.9573489799932,0.00145077979019062,131.923016581328,116.871979059262,125.090916634095,118.929218169507
0.00182431239203857,76.9731666174271,68.0584161039357,81.3728117340745,80.4134605419052,0.00151669610815758,127.316524417841,115.873065509504,121.262765776684,114.813555636419
0.00192623052505969,75.4843226600253,67.7192603081266,79.4040565051445,78.8814815851662,0.00158261242612454,122.674426625071,114.83243263016,117.551767622135,110.867178848688
0.00202814865808081,74.0390409542029,67.3599094280069,77.4829338585088,77.3626835214654,0.00164852874409151,118.057955383441,113.751361486031,113.954336952335,107.081084085885
0.00213006679110193,72.636360078477,66.9807034390363,75.6082913589317,75.8581708104926,0.00171444506205847,113.529459962374,112.631174185088,110.466998267419,103.446937555671
0.00223198492412305,71.2749107777797,66.5819997508291,73.7790044534993,74.368903624451,0.00178036138002544,109.146403137252,111.473231189791,107.086382428061,99.9570046370007
0.00233390305714417,69.9520739560716,66.1641726460264,71.9939757970266,72.895716436992,0.0018462776979924,104.956989462613,110.278928570821,103.809223400535,96.6040891581459
0.00243582119016529,68.6642614351134,65.7276126950981,70.2521345937872,71.4393334564665,0.00191219401595936,100.997707169318,109.049695210968,100.632355101373,93.3814809317664
0.00253773932318641,67.4071892594603,65.2727261483574,68.5524359551681,70.0003815796079,0.00197811033392633,97.2927318351165,107.786989966985,97.5527083385997,90.2829101415758
0.00263965745620753,66.1761396503169,64.7999343065088,66.8938602728667,68.5794013709386,0.00204402665189329,93.8548644862132,106.492298797266,94.56730784656,87.3025074586105
0.00274157558922865,64.96678977211,64.309672871096,65.275412607252,67.1768564512345,0.00210994296986025,90.6874840427687,105.167131863221,91.673269411501,84.4347689832737
0.00284349372224977,63.7744733268389,63.8023912762474,63.6961220905243,65.7931415898572,0.00217585928782722,87.7868996601277,103.813020612225,88.8677970851145,81.6745252789607
0.00294541185527089,62.5925285563662,63.2785520031554,62.1550413443151,64.4285897305064,0.00224177560579418,85.1445672779676,102.431514849954,86.1481804833536,79.0169138962146
0.00304732998829202,61.4172739505542,62.7386298787469,60.6512459113777,63.0834781311809,0.00230769192376115,82.7705493313758,101.024179809894,83.5117921679143,76.45735489179
0.00314924812131313,60.2457303795095,62.1831113600336,59.1838337010271,61.7580337622276,0.00237360824172811,80.6230634055745,99.5925932276829,80.9560851078514,73.9915289311691
0.00325116625433425,59.0757040634597,61.612493805647,57.7519244479979,60.4524380780937,0.00243952455969508,78.6815154554073,98.1383424278571,78.4785902188758,71.6153576307799
0.00335308438735538,57.9058397071114,61.0272847360815,56.3546591843944,59.1668312565208,0.00250544087766204,76.9199151317304,96.6630214304233,76.0769139779578,69.3249858510265
0.00345500252037649,56.7356440365051,60.4280010841786,54.9911997244163,57.9013159818173,0.002571357195629,75.3058547041133,95.1682280845089,73.7487361109288,67.1167656959932
0.00355692065339762,55.565480393972,59.8151684373988,53.660728161551,56.6559608353505,0.00263727351359597,73.8001577676613,93.6555612361666,71.4918073508508,64.9872420124144
0.00365883878641874,54.3969597294435,59.1893202734245,52.3624463779315,55.4308033456614,0.00270318983156293,72.3574906105849,92.1266179371948,69.3039472649859,62.9331392108437
0.00376075691943986,53.2326845836301,58.5509971906452,51.0955755655647,54.2258527419868,0.0027691061495299,70.9280606800272,90.5829907016062,67.1830421482663,60.9513492571441
0.00386267505246098,52.0755349519409,57.9007461350653,49.8593557591429,53.0410924480106,0.00283502246749686,69.4603556707551,89.0262648161307,65.1270429812313,59.0389207034557
0.0039645931854821,50.9289209793884,57.2391196251728,48.6530453801593,51.8764823469932,0.00290093878546382,67.904722658554,87.4580157108698,63.1339634504569,57.1930486454498
0.00406651131850322,49.7966008665482,56.5666749762917,47.4759207920526,50.7319608447845,0.00296685510343079,66.2174626651964,85.879806395937,61.2018780295661,55.4110655075551
0.00416842945152434,48.6825704358838,55.883973525927,46.327275866115,49.6074467533904,0.00303277142139775,64.3650295008244,84.2931849696183,59.3289201189662,53.6904325704504
0.00427034758454546,47.5909544007701,55.1915798615914,45.2064215579026,48.5028410145851,0.00309868773936471,62.3128166915102,82.6996822032754,57.5132802425152,52.0287321658337
0.00437226571756658,46.5258998570691,54.4900610525814,44.112685493894,47.4180282804104,0.00316460405733168,60.0748349893877,81.1008092078864,55.7532042993762,50.4236604726437
0.0044741838505877,45.4921389911739,53.7799858871407,43.0454115681501,46.3528783651748,0.00323052037529864,57.676497382066,79.4980551867832,54.0469918693693,48.8730208567523
0.00457610198360882,44.4982601015227,53.0619241164235,42.0039595487312,45.3072475816952,0.00329643669326561,55.1572497049498,77.8928852787968,52.3929945701857,47.3747177029128
0.00467802011662994,43.5434612778825,52.3364457066334,40.9877046936381,44.2809799729307,0.00336235301123257,52.5702770403711,76.2867384956689,50.7896144648751,45.9267506935833
0.00477993824965106,42.6305190082136,51.6041201006797,39.9960373760438,43.2739084488101,0.00342826932919954,49.977715553259,74.6810257572255,49.2353025180693,44.5272094943042
0.00488185638267218,41.7615783312778,50.865515490653,39.0283627185932,42.285855836897,0.0034941856471665,47.4448185658137,73.0771280274432,47.7285570994492,43.1742688097091
0.0049837745156933,40.9380435511176,50.1211981023798,38.0841002365505,41.316635854546,0.00356010196513346,45.0337286852441,71.4763945541678,46.2679225330107,41.866183778085
0.00508569264871442,40.1604767131415,49.3717314932713,37.1626834895806,40.3660540093499,0.00362601828310043,42.7975853663488,69.8801412148761,44.8519876907275,40.6012856757567
0.00518761078173554,39.428508951823,48.6176758646345,36.2635597419549,39.4339084339364,0.00369193460106739,40.7756788727134,68.2896489704961,43.4793846292513,39.3779779055127
0.00528952891475666,38.7407700749333,47.8595873895641,35.3861896309785,38.519990660533,0.00375785091903436,38.9902455898953,66.7061624289334,42.1487872683332,38.1947322458859
0.00539144704777779,38.0980043082577,47.0980175574815,34.5300468434395,37.6240863401605,0.00382376723700132,37.4452950916667,65.1308885195811,40.8589101096897,37.0500853403826
0.0054933651807989,37.4946419475631,46.3335125363356,33.6946177998865,36.7459759108231,0.00388968355496828,36.1403176915084,63.5649952797257,39.6085069950751,35.9426354077809
0.00559528331382002,36.9228621323442,45.56661255342,32.8794013465444,35.8854352186379,0.00395559987293525,35.034314416663,62.0096107534033,38.3963699023597,34.8710391564076
0.00569720144684114,36.3768355619465,44.7978512957108,32.0839084546846,35.0422360954686,0.00402151619090221,34.0815341121215,60.465822002906,37.221327778453,33.8340088868958
0.00579911957986226,35.8501441362412,44.0277553305646,31.3076619272684,34.216146896292,0.00408743250886917,33.2414313419469,58.9346742327933,36.0822454079412,32.8303097693458
0.00590103771288339,35.3359965575407,43.2568435475593,30.5501961126875,33.4069329992365,0.00415334882683614,32.4758533010809,57.4171700259271,34.9780223163498,31.8587572820764
0.00600295584590451,34.827465580322,42.4856266222009,29.8110566254317,32.6143572709649,0.0042192651448031,31.7524272733764,55.9142686907208,33.9075917069672,30.918214800284
0.00610487397892563,34.3177385195048,41.7146065021543,29.089800073513,31.8381804998433,0.00428518146277007,31.0466197665498,54.4268857184792,32.8699194302067,30.0075913239458
0.00620679211194674,33.8003720728112,40.9442759165984,28.3859937924862,31.0781617991312,0.00435109778073703,30.342430420098,52.9558923493992,31.8640029845079,29.125839335212
0.00630871024496786,33.26656547503,40.1751179092375,27.6992155859033,30.3340589822373,0.004417014098704,29.6318729310572,51.5021152455135,30.888870547814,28.271952776351
0.00641062837798899,32.7132093019477,39.4076053954455,27.0290534720486,29.6056289119244,0.00448293041667096,28.9135388848596,50.0663362685776,29.9435800386882,27.4449651400539
0.00651254651101011,32.1372162267239,38.6422007439479,26.3751054368004,28.892627825191,0.00454884673463792,28.1906255295487,48.6492923606411,29.0272182061633,26.6439476645671
0.00661446464403123,31.5367543357295,37.8793553833913,25.7369791924723,28.194811635426,0.00461476305260489,27.4688282973988,47.251675524794,28.1388997474441,25.8680076267302
0.00671638277705235,30.9112781737454,37.1195094340826,25.1142919424897,27.5119362133087,0.00468067937057185,26.755123758265,45.8741329033443,27.2777664526113,25.1162867265397
0.00681830091007347,30.2615118978549,36.3630913651206,24.506670151759,26.8437576478156,0.00474659568853882,26.0555509239017,44.5172669504694,26.4429863754994,24.3879595573554
0.00692021904309459,29.5893884858284,35.6105176770789,23.913749322593,26.1900324885961,0.00481251200650578,25.3729847271499,43.1816356961794,25.6337530299482,23.6822321563193
0.00702213717611571,28.8979476515883,34.8621926103407,23.3351737760574,25.5505179708856,0.00487842832447274,24.7089405221484,41.8677530982504,24.8492846106521,22.9983406299649
0.00712405530913683,28.1905900584677,34.1185078791263,22.7705964386079,24.9249722240455,0.00494434464243971,24.0635201673994,40.5760894786151,24.0888232378527,22.3355498503694
0.00722597344215795,27.473346807931,33.3798424311916,22.2196786338887,24.3131544647381,0.00501026096040667,23.4358645671154,39.3070720405494,23.3516342251465,21.6931522175435
0.00732789157517907,26.7530054511334,32.6465622331238,21.682089879569,23.71482517568,0.00507617727837363,22.8246332124037,38.0610854628623,22.6370053697003,21.070466484064
0.00742980970820019,26.0351606808285,31.9190200811025,21.1575076890945,23.1297462708504,0.0051420935963406,22.2284434916564,36.8384725671766,21.9442462641874,20.4668366382418
0.00753172784122131,25.3252541294282,31.1975554369373,20.6456173782354,22.5576812479755,0.00520800991430756,21.6462273694197,35.6395350542938,21.2726876297806,19.8816308423768
0.00763364597424243,24.6283416735773,30.4824942891454,20.1461118763152,21.9983953290523,0.00527392623227453,21.0774734913788,34.4645343055501,20.6216806695584,19.3142404228948
0.00773556410726355,23.94887645299,29.7741490387763,19.658691542006,21.4516555896306,0.00533984255024149,20.5223220034043,33.3136922450098,19.9905964416977,18.7640789093784
0.00783748224028467,23.2905145419411,29.0728184096473,19.1830639835811,20.9172310775226,0.00540575886820846,19.981474078739,32.1871922582882,19.3788252518496,18.2305811197097
0.00793940037330579,22.6559502443121,28.3787873826003,18.7189438835163,20.3948929215695,0.00547167518617542,19.45640532134,31.0851801637689,18.7857760641098,17.7132022887266
0.00804131850632691,22.0501668927932,27.6923271533496,18.2660528273345,19.8844144310539,0.00553759150414238,18.9481043034012,30.0077652319587,18.2108759300152,17.2114172379699
0.00814323663934803,21.4702397614008,27.0136951134476,17.8241191365921,19.385571186313,0.00560350782210935,18.4544422861334,28.9550212487242,17.6535694350152,16.7247195842525
0.00824515477236916,20.9142682752741,26.3431348538502,17.392877705905,18.8981411210717,0.00566942414007631,17.9720894710341,27.9269876181656,17.1133181618817,16.2526209849348
0.00834707290539027,20.3798702771022,25.6808761905321,16.9720698439186,18.421904596986,0.00573534045804328,17.4951163403418,26.9236705009106,16.5896001705412,15.7946504179192
0.00844899103841139,19.8638757212763,25.027135211559,16.561443118125,17.9566444708554,0.00580125677601024,17.0150606767722,25.9450439836516,16.0819094938254,15.3503534945085
0.00855090917143251,19.3625464558743,24.3821143449959,16.160751203435,17.5021461549393,0.0058671730939772,16.521541775022,24.9910512758034,15.5897556486532,14.9192918033839
0.00865282730445363,18.871824248927,23.7460024469965,15.7697537344133,17.0581976707841,0.00593308941194417,16.0033802407438,24.0616059292233,15.1126631621717,14.5010422840706
0.00875474543747476,18.3875962285766,23.1189749093905,15.3882161610894,16.6245896969481,0.00599900572991113,15.4500734283737,23.1565930770137,14.6501711123992,14.0951966283553
0.00885666357049588,17.9059021760066,22.5011937860585,15.0159096082563,16.201115610984,0.00606492204787809,14.853396469426,22.2758706875146,14.2018326829256,13.7013607082156
0.008958581703517,17.4227252539753,21.8928079373638,14.6526107381742,15.7875715260252,0.00613083836584506,14.2088618024289,21.4192708296931,13.7672147312403,13.3191540289064
0.00906049983653811,16.9357157355595,21.2939531918845,14.2981016165952,15.3837563222959,0.00619675468381202,13.516784334866,20.5866009462421,13.3458973702706,12.9482092059284
0.00916241796955923,16.4437530225181,20.7047525246732,13.9521695820302,14.989471673853,0.00626267100177899,12.7822646555038,19.77764513082,12.9374735627262,12.5881714646809
0.00926433610258036,15.9467127024062,20.1253162512562,13.6146071181779,14.6045220708472,0.00632858731974595,12.0161509837678,18.9921654059837,12.5415487278579,12.2386981616673
0.00936625423560148,15.4454260567686,19.5557422365671,13.2852117294413,14.228714837576,0.00639450363771291,11.2379150644538,18.2299029985012,12.1577403602508,11.8994583261908
0.0094681723686226,14.941584353807,18.9961161180018,12.9637858194548,13.8618601465867,0.00646041995567988,10.4659403496687,17.4905796088666,11.7856776602835,11.5701322215351
0.00957009050164372,14.4375952889544,18.44651154177,12.6501365725517,13.5037710290745,0.00652633627364684,9.71948296092029,16.7738986719814,11.4250011758961,11.2504109246844
0.00967200863466484,13.9364002022679,17.9069904117137,12.3440758380981,13.1542633818035,0.00659225259161381,9.01735429863379,16.079546606117,11.0753624553217,10.9399959236871
0.00977392676768596,13.4424429548305,17.3776031497584,12.0454200176259,12.8131559707732,0.00665816890958077,8.37679396751024,15.4071940474221,10.7364237104447,10.6385987318215
0.00987584490070708,12.9592277148918,16.8583889671599,11.7539899546971,12.4802704318333,0.00672408522754774,7.81256053634523,14.7564970673941,10.4078574904618,10.3459405177628
0.0099777630337282,12.4894525327947,16.3493761457093,11.4696108274313,12.1554312684446,0.0067900015455147,7.33623637659655,14.1270983708929,10.0893463655297,10.0617517509993
0.0100796811667493,12.035615574288,15.8505823280654,11.1921120436349,11.8384658467716,0.00685591786348166,6.95573110577858,13.5186284724312,9.78058262009406,9.78577186178342
0.0101815992997704,11.5996814596874,15.3620148163804,10.9213271384668,11.5292043882804,0.00692183418144863,6.67497154163294,12.9307068486382,9.481267955604,9.51774891494242
0.0102835174327916,11.1830427932351,14.8836708783984,10.6570936745799,11.2274799600107,0.00698775049941559,6.49377796974963,12.3629430649542,9.1911132023236,9.25743929690897
0.0103854355658127,10.7865254701042,14.4155380602108,10.3992531446791,10.9331284626764,0.00705366681738255,6.40801054852014,11.8149378747718,8.90983803996346,9.00460741536713
0.0104873536988338,10.4104338038361,13.9575945048629,10.1476508764367,10.6459886167468,0.00711958313534952,6.41674609178778,11.2862842894023,8.63717072686153,8.75902541093851
0.0105892718318549,10.0551880077945,13.5098092760194,9.90213593970789,10.3659019466474,0.00718549945331648,6.49856941539152,10.7765686174011,8.37284783745179,8.52047288036529
0.010691189964876,9.72204722070249,13.0721426859083,9.66256105599139,10.0927127632159,0.00725141577128345,6.63924372603594,10.2853714719437,8.1166140077672,8.28873661067338
0.0107931080978972,9.4077745785605,12.6445466267788,9.42878251008091,9.82626814453846,0.00731733208925041,6.82321910798733,9.81226874509924,7.86822168873101,8.0636103238264
0.0108950262309183,9.11164684793988,12.2269649051253,9.20066006385368,9.56641791528799,0.00738324840721737,7.0344078408681,9.35683254799506,7.62743090699808,7.84489443140502
0.0109969443639394,8.83300235212617,11.8193335779473,8.97805687214493,9.31301462467703,0.00744916472518434,7.25688050455185,8.91863211601893,7.39400903311515,7.6323957988705
0.0110988624969605,8.57127117429394,11.4215812903334,8.7608394006579,9.06591352313358,0.0075150810431513,7.47546706315544,8.49723467834474,7.16773055677606,7.42592751899267
0.0112007806299816,8.32597508700443,11.0336296136801,8.5488773458597,8.82497253780162,0.00758099736111827,7.67627118927273,8.09220629120937,6.94837686895496,7.22530869404357
0.0113026987630028,8.09669967140908,10.6553933838758,8.34204355681546,8.59005224696324,0.00764691367908523,7.84711677426386,7.70311263450315,6.73573605070667,7.03036422637786
0.0114046168960239,7.88304221939285,10.2867810388025,8.14021395891348,8.36101585347355,0.0077128299970522,7.9779409250433,7.32951977136598,6.52960266843056,6.84092461703921
0.011506535029045,7.6858953210235,9.92769495453376,7.94326747943587,8.13772915729531,0.00777874631501916,8.0611294508298,6.97099487060712,6.32977757539986,6.65682577204973
0.0116084531620661,7.50382431166057,9.57803177962846,7.75108597492998,7.92006052721501,0.00784466263298612,8.09176404143772,6.6271068918857,6.1360677193648,6.47790881605575
0.0117103712950872,7.33494030296732,9.23768276694658,7.56355416033693,7.70788087181797,0.00791057895095309,8.06329442681245,6.29742723370369,5.9482859560436,6.30401991301922
0.0118122894281084,7.17791915815363,8.90653410243863,7.38055953983491,7.50106360979609,0.00797649526892005,7.9805614274974,5.98153034437169,5.76625086832128,6.13501009365841
0.0119142075611295,7.03114696664478,8.58446723038582,7.20199233935566,7.29948463965727,0.00804241158688701,7.84777738088812,5.67899429620998,5.58978659098148,5.97073508935593
0.0120161256941506,6.89276195818462,8.2713591745946,7.02774544073359,7.10302230890242,0.00810832790485398,7.66957731043718,5.3894013233448,5.41872264080193,5.81105517226508
0.0121180438271717,6.76072514912032,7.96708285507616,6.85771431744822,6.9115573827318,0.00817424422282094,7.45111924156352,5.11233832354973,5.25289375184964,5.65583500135814
0.0122199619601928,6.63291578901881,7.67150739976847,6.69179697192124,6.72497301233957,0.00824016054078791,7.19744371178457,4.84739732466735,5.09213971581638,5.50494347417226
0.012321880093214,6.50724596363217,7.38449845088512,6.52989387433058,6.54315470285149,0.00830607685875487,6.9130526466213,4.59417591622428,4.93630522724054,5.35825358401963
0.0124237982262351,6.38150997429386,7.10591846550303,6.37190790290491,6.36599028095832,0.00837199317672183,6.60177540834174,4.35227764692541,4.78523973346551,5.21564228243936
0.0125257163592562,6.25404938204088,6.83562701002779,6.21774428566257,6.19336986229397,0.0084379094946888,6.26693037361858,4.12131238877933,4.63879728918984,5.07699034667873
0.0126276344922773,6.12398994403295,6.57348104820296,6.06731054356021,6.02518581860489,0.00850382581265576,5.9117321176511,3.90089666866764,4.4968364154686,4.94218225200104
0.0127295526252984,5.99097406289804,6.31933522235603,5.92051643501678,5.86133274475461,0.00856974213062273,5.53984765522066,3.69065396822466,4.35921996302972,4.81110604862616
0.0128314707583196,5.85515908819463,6.073042127601,5.7772739017798,5.70170742560446,0.00863565844858969,5.15597865388082,3.49021499294325,4.2258149797732,4.68365324311903
0.0129333888913407,5.71718010985781,5.83445257874368,5.63749701610132,5.5462088028095,0.00870157476655666,4.7666201547079,3.29921791146501,4.09649258232529,4.55971868404906
0.0130353070243618,5.57808032116454,5.60341586966172,5.50110192919197,5.39473794156594,0.00876749108452362,4.38152268747444,3.11730856605074,3.97112783152347,4.43920045175158
0.0131372251573829,5.43921299654242,5.37978002495734,5.36800682092206,5.24719799734464,0.00883340740249058,4.01115112495872,2.94414065525866,3.84959961171195,4.32199975202975
0.0132391432904041,5.30240356273494,5.16339204370559,5.23813185073964,5.10349418264262,0.00889932372045754,3.66698569851712,2.77937588988501,3.73179051373108,4.20802081364236
0.0133410614234252,5.16960781781031,4.95409813514559,5.11139910977611,4.96353373378318,0.00896524003842451,3.36097656027087,2.62268412324302,3.61758672148768,4.09717078942982
0.0134429795564463,5.04199701694646,4.75174394618637,4.98773257411055,4.82722587779259,0.00903115635639147,3.10463875107917,2.47374345687326,3.50687790199658,3.98935966093694
0.0135448976894674,4.9205701555551,4.55617478062208,4.86705805916475,4.69448179938025,0.00909707267435844,2.90800643534492,2.33224032279034,3.39955709878724,3.88450014639706
0.0136468158224885,4.8059400406986,4.36723580997436,4.74930317520178,4.56521460804701,0.0091629889923254,2.77852133252816,2.19786954337896,3.29552062857249,3.78250761194823
0.0137487339555097,4.6982958565471,4.18477227590117,4.63439728390103,4.43933930534484,0.00922890531029237,2.71995441562028,2.0703343700555,3.19466798107942,3.6832999859572
0.0138506520885308,4.5973956796794,4.00862968413322,4.522271455984,4.3167727523096,0.00929482162825933,2.73148372320034,1.94934650181116,3.0969017219458,3.58679767633269
0.0139525702215519,4.50258784373288,3.83865398991902,4.41285842986534,4.19743363708708,0.00936073794622629,2.80706836680858,1.83462608474809,3.00212739858816,3.49292349071394
0.014054488354573,4.41285925233446,3.67469177497988,4.30609257130416,4.08124244277109,0.00942665426419326,2.93526257790226,1.72590169371265,2.91025344895056,3.40160255942588
0.0141564064875941,4.32715739263949,3.51659041599436,4.20190983403172,3.96812141547105,0.00949257058216022,3.10019864902643,1.62291029711826,2.82119111304594,3.31276226109612
0.0142583246206153,4.24322377143347,3.36419824465018,4.10024772133151,3.85799453262529,0.00955848690012719,3.27768286745991,1.52539720603671,2.73485434720452,3.22633215083408
0.0143602427536364,4.15951015487295,3.21736469931868,4.00104524854907,3.75078747157518,0.00962440321809415,3.44349290386348,1.43311600861958,2.65115974094651,3.14224389087586
0.0144621608866575,4.07462292942705,3.07594046842282,3.90424290650873,3.64642757841358,0.00969031953606111,3.5763126052336,1.34582849089182,2.57002643639872,3.06043118360331
0.0145640790196786,3.98737418818396,2.93977762558561,3.80978262581545,3.54484383712082,0.00975623585402808,3.65840127713176,1.26330454493781,2.49137605017726,2.98082970684865
0.0146659971526997,3.89685226835388,2.80872975666009,3.71760774202045,3.44596683899955,0.00982215217199504,3.67761451277679,1.1853220654758,2.41513259766091,2.90337705140028
0.0147679152857209,3.80247522368766,2.68265207875551,3.62766296162952,3.34972875241951,0.009888068489962,3.62881300622442,1.11166683579124,2.34122241958187,2.82801266062849
0.014869833418742,3.70402561238066,2.56140155138741,3.53989432893383,3.25606329288175,0.00995398480792897,3.51445724628167,1.04213240397095,2.26957411086312,2.75467777215308
0.0149717515517631,3.60148756378482,2.44483697989073,3.45424919364314,3.16490569341145,0.0100199011258959,3.34429424883555,0.976519950351758,2.20011845163351,2.68331536147825
0.0150736696847842,3.4955233407738,2.33281911124652,3.37067617930223,3.07619267528736,0.0100858174438629,3.13416342308897,0.914638147066106,2.13278834035403,2.61387008752279
0.0151755878178053,3.387547003286,2.22521072248231,3.28912515247133,2.98986241911507,0.0101517337618299,2.9040665540133,0.856303010535852,2.0675187289906,2.54628823997685
0.0152775059508265,3.27882208885617,2.12187670181605,3.20954719265233,2.90585453625077,0.0102176500797968,2.67574648724438,0.801337747732903,2.00424656017079,2.4805176884189
0.0153794240838476,3.17075363438612,2.02268412272142,3.13189456294253,2.82411004058124,0.0102835663977638,2.47150624644738,0.749572596992096,1.94291070626364,2.41650783312942
0.0154813422168687,3.06480654517509,1.92750231110002,3.0561206813984,2.74457132066529,0.0103494827157308,2.3117214215912,0.700844664127961,1.88345191032395,2.35420955754029
0.0155832603498898,2.9624232007148,1.83620290575286,2.98218009309223,2.66718211224108,0.0104153990336977,2.20486209462002,0.654997754572874,1.82581272884374,2.29357518226105
0.0156851784829109,2.86494356851076,1.74865991234899,2.91002844284481,2.59188747110326,0.0104813153516647,2.15428294985949,0.611882202219613,1.76993747625574,2.23455842062585
0.0157870966159321,2.77353104686373,1.6647497510949,2.83962244861779,2.51863374635325,0.0105472316696316,2.15686097726869,0.571354695616924,1.71577217113522,2.17711433570671
0.0158890147489532,2.69005183080879,1.5843512983121,2.77091987554986,2.44736855402546,0.0106131479875986,2.20382247570019,0.533278102132215,1.66326448404819,2.1211992987412
0.0159909328819743,2.61444058654059,1.50734592213433,2.70387951062106,2.37804075109166,0.0106790643055656,2.28209904258509,0.497521290661216,1.61236368699564,2.06677094892425
0.0160928510149954,2.54657655725063,1.43361751253865,2.63846113793009,2.31060040984535,0.0107449806235325,2.37601861728925,0.463958953430478,1.56302060440488,2.01378815451613
0.0161947691480165,2.48622104233247,1.36305250592685,2.57462551456974,2.24499879266744,0.0108108969414995,2.46912700867404,0.432471427405013,1.51518756562073,1.96221097522021
0.0162966872810377,2.43284157586571,1.2955399044754,2.51233434708605,2.18118832717409,0.0108768132594665,2.54594389035898,0.402944515780316,1.46881835885062,1.91200062578596
0.0163986054140588,2.38565281871335,1.2309712904729,2.45155026850696,2.1191225817473,0.0109427295774334,2.59348198415186,0.37526931000548,1.42386818651907,1.86311944079435
0.0165005235470799,2.34366780622946,1.16924083586457,2.39223681592674,2.05875624144819,0.0110086458954004,2.60239579338553,0.349342012752426,1.38029362198848,1.81553084058445
0.016602441680101,2.30575687563377,1.11024530722296,2.33435840863284,2.00004508431294,0.0110745622133674,2.56690324534959,0.325063762215128,1.33805256760441,1.76919929828156
0.0167043598131221,2.27076406022423,1.05388406636333,2.27788032676182,1.94294595803063,0.0111404785313343,2.48438263410892,0.302340458092577,1.29710421402476,1.72409030788871
0.0168062779461433,2.23732552016736,1.00005906682097,2.22276869047174,1.88741675700212,0.0112063948493013,2.36339143092962,0.28108258957984,1.25740900079362,1.6801703534047
0.0169081960791644,2.20402394836413,0.948674846405885,2.1689904396185,1.83341639977875,0.0112723111672682,2.21203984426023,0.261205065663206,1.21892857812165,1.6374068789335
0.0170101142121855,2.1699059474415,0.899638516047996,2.11651331392383,1.78090480687947,0.0113382274852352,2.04049643548006,0.242627047987953,1.18162576983615,1.59576825975072
0.0171120323452066,2.13418513086669,0.85285974514364,2.0653058336231,1.72984287898452,0.0114041438032022,1.85993833923333,0.225271786540865,1.14546453746491,1.55522377429457
0.0172139504782277,2.09625593534892,0.808250743610712,2.01533728058142,1.68019247550369,0.0114700601211691,1.68156064843832,0.209066458364251,1.11040994541922,1.51574357704961
0.0173158686112489,2.05569694241748,0.76572624085676,1.96657767986652,1.63191639351709,0.0115359764391361,1.51571195847021,0.193942009493895,1.07642812724238,1.47729867229289
0.01741778674427,2.01226490941091,0.725203461860337,1.91899778176754,1.5849783470858,0.0116018927571031,1.37119563980119,0.179833000290135,1.04348625289113,1.43986088867322
0.0175197048772911,1.9658809209233,0.686602100561991,1.87256904424884,1.53934294692991,0.01166780907507,1.25475261428206,0.166677454309128,1.0115524970183,1.40340285459538
0.0176216230103122,1.91633823259261,0.649844290756881,1.82726361582829,1.49497568047103,0.011733725393037,1.17072358384564,0.154416710840301,0.980596008226204,1.36789797438187
0.0177235411433334,1.86406468777926,0.614854574676409,1.78305431886984,1.45184289223642,0.011799641711004,1.12087808762689,0.142995281216044,0.950586879260869,1.33332040518635
0.0178254592763545,1.80951623405379,0.581559869441432,1.73991463328035,1.40991176462144,0.0118655580289709,1.10443564898919,0.132360708980856,0.921496118118473,1.29964503463312
0.0179273774093756,1.75306579833267,0.54988943156457,1.69781868060076,1.36915029900725,0.0119314743469379,1.12026082815263,0.122463433989354,0.89329562003599,1.26684745915862
0.0180292955423967,1.69512667681685,0.519774819673952,1.65674120848229,1.32952729723005,0.0119973906649049,1.15896247717122,0.113256660485888,0.865958140339003,1.23490396303123
0.0181312136754178,1.63614227023357,0.491149855625294,1.61665757553813,1.2910123433986,0.0120633069828718,1.21286608977235,0.104696229202846,0.839457268120461,1.20379149802697
0.018233131808439,1.57657854911156,0.463950584163789,1.57754373656164,1.25357578605623,0.0121292233008388,1.27339803712569,0.0967404935001442,0.813767400724933,1.1734876637391
0.0183350499414601,1.51691844277086,0.438115231291617,1.53937622810229,1.21718872068353,0.0121951396188057,1.33180477419681,0.0893501995547829,0.788863719013732,1.14397068850067
0.0184369680744812,1.45767593623515,0.41358416149121,1.50213215439041,1.18182297253804,0.0122610559367727,1.37992535757858,0.0824883705967942,0.764722163386987,1.11521941089973
0.0185388862075023,1.39956855871758,0.390299833948669,1.46578917360262,1.14745107982681,0.0123269722547397,1.41095039505051,0.0761201951762414,0.741319410539519,1.08721326186766
0.0186408043405234,1.34303412331998,0.368206757915856,1.4303254844595,1.114046277208,0.0123928885727066,1.42008706274957,0.0702129194352448,0.718632850928055,1.05993224732162
0.0187427224735446,1.28854061949721,0.347251447343941,1.39571981314751,1.08158247961733,0.0124588048906736,1.4050467781822,0.0647357433492253,0.696640566928005,1.03335693134307
0.0188446406065657,1.23651545964133,0.327382374915265,1.36195140055738,1.05003426641527,0.0125247212086406,1.36628179937665,0.0596597208926248,0.675321311658709,1.00746841987466
0.0189465587395868,1.18732896830208,0.308549925594578,1.32899998983117,1.01937686585079,0.0125906375266075,1.30692010513959,0.0549576640762893,0.654654488456701,0.982248344918656
0.0190484768726079,1.14127868751907,0.290706349814921,1.29684581421071,0.989586139837451,0.0126565538445745,1.23238341712401,0.0506040507964211,0.634620130977142,0.957678849220406
0.019150395005629,1.09857579003213,0.273805716407607,1.26546958517997,0.960638569037562,0.0127224701625415,1.14980862353593,0.046574936428498,0.615198883904211,0.93374257142116
0.0192523131386502,1.05933486882347,0.257803865380083,1.23485248089437,0.932511238250038,0.0127883864805084,1.06833679483558,0.0428478690937914,0.596371984251818,0.910422631664971
0.0193542312716713,1.02385234934041,0.242658360639785,1.20497613488997,0.905181822097714,0.0128543027984754,0.995131858715188,0.0394018085210281,0.578121243236566,0.887702617644947
0.0194561494046924,0.991919075595506,0.228328442756539,1.17582262506592,0.87862857100972,0.0129202191164423,0.935795769382944,0.0362170484213389,0.560429028705458,0.865566571074665
0.0195580675377135,0.963084676215374,0.214774981850561,1.14737446293336,0.852830297494535,0.0129861354344093,0.893958543008091,0.0332751422908418,0.543278248101362,0.843998974571035
0.0196599856707346,0.937083422274876,0.201960430687766,1.11961458312458,0.827766362699357,0.0130520517523763,0.871034351852748,0.0305588325520159,0.52665233194979,0.822984738935363
0.0197619038037558,0.913630023632514,0.189848778058804,1.09252633315582,0.803416663251405,0.0131179680703432,0.866245756558672,0.0280519829423773,0.510535217851023,0.802509190819831
0.0198638219367769,0.892448304168779,0.17840550251309,1.06609346343795,0.779761618376753,0.0131838843883102,0.876876202724214,0.0257395140568492,0.494911334962136,0.782558060767042
0.019965740069798,0.873298729938884,0.167597526514089,1.04030011752862,0.75678215729231,0.0132498007062772,0.89869206879918,0.0236073419485807,0.479765588953899,0.763117471610695
0.0200676582028191,0.856002941139161,0.157393171077201,1.01513082262046,0.734459706866562,0.0133157170242441,0.92646895191159,0.0216423196917926,0.465083347428063,0.744173927225874
0.0201695763358402,0.840463454065336,0.147762110946873,0.990570480259265,0.712776179544723,0.0133816333422111,0.954560664369412,0.0198321818094585,0.450850425780906,0.725714301617825
0.0202714944688614,0.826968978725518,0.138675330364923,0.966604357286799,0.691713961533903,0.0134475496601781,0.97746038373394,0.0181654914682623,0.4370530734994,0.707725828338443
0.0203734126018825,0.815398235375819,0.130105079477612,0.943218077002741,0.671255901243976,0.013513465978145,0.989369364161061,0.016631590343256,0.423677960876757,0.690196090220106
0.0204753307349036,0.805961157627537,0.12202483142471,0.920397610540442,0.651385297979813,0.013579382296112,0.986726877074579,0.0152205510549542,0.410712166134516,0.673113009416797
0.0205772488679247,0.798903875252765,0.114409240149618,0.898129268451343,0.632085890880578,0.013645298614079,0.968176649486257,0.013923132082214,0.398143162938738,0.656464837742815
0.0206791670009458,0.794472817884097,0.107234098965639,0.876399692493012,0.613341848101817,0.0137112149320459,0.933738727907236,0.0127307350551342,0.385958808298229,0.640240147299696
0.020781085133967,0.792876523860368,0.100476299909627,0.855195847615844,0.595137756236074,0.0137771312500129,0.885106901985766,0.0116353643333388,0.374147330833132,0.624427821382286
0.0208830032669881,0.794246724613412,0.0941137939105925,0.834505014143662,0.577458609967836,0.0138430475679798,0.825467993694097,0.0106295887763601,0.362697319402514,0.609017045655196
0.0209849214000092,0.798600953972169,0.0881255517973022,0.81431478014348,0.560289801958595,0.0139089638859468,0.759176551378714,0.00970650561438712,0.351597712080005,0.593997299591165
0.0210868395330303,0.805967868821641,0.0824915261655634,0.794613033979889,0.543617112957888,0.0139748802039138,0.691315933561584,0.0088597063293663,0.340837785466789,0.579358348163164
0.0211887576660514,0.815937519793713,0.077192614122685,0.775387957049571,0.527426702136182,0.0140407965218807,0.627193390821527,0.0080832444583191,0.330407144331675,0.5650902337823
0.0212906757990726,0.827652635351851,0.0722106209235642,0.756628016691611,0.51170509763553,0.0141067128398477,0.571828007260921,0.0073716052327484,0.320295711568195,0.551183268473869
0.0213925939320937,0.840326391731407,0.0675282245099664,0.73832195926933,0.496439187333954,0.0141726291578147,0.529493990608806,0.00671967697012874,0.310493718459044,0.537628026284169
0.0214945120651148,0.853027533805068,0.0631289409618375,0.720458803419492,0.481616209819529,0.0142385454757816,0.503376371677332,0.00612272413569358,0.300991695238474,0.524415335910905
0.0215964301981359,0.864718777780607,0.0589970908669184,0.703027833464857,0.467223745570255,0.0143044617937486,0.496327656104713,0.00557636199502902,0.291780461943484,0.511536273550249
0.021698348331157,0.874303296238336,0.0551177666124946,0.686018592986103,0.453249708335727,0.0143703781117156,0.508770602541831,0.0050765327803452,0.282851119545012,0.498982155953889
0.0218002664641782,0.880677203228803,0.0514768006008526,0.669420878549267,0.439682336716788,0.0144362944296825,0.539018352635181,0.00461948329570485,0.274195041350517,0.486744533689552
0.0219021845971993,0.882785763941584,0.0480607343878713,0.653224733584954,0.426510185939296,0.0145022107476495,0.58552948104985,0.0042017438889356,0.265803864669687,0.474815184598763
0.0220041027302204,0.878864857467446,0.0448567887421888,0.637420442415631,0.413722119818236,0.0145681270656164,0.646331389265038,0.00382010872041874,0.257669482735187,0.46318610744577
0.0221060208632415,0.868686752356143,0.0418528346205331,0.621998524427425,0.401307302908429,0.0146340433835834,0.719237593825337,0.0034716172614294,0.249784036870668,0.451849515751751
0.0222079389962626,0.851951069040123,0.0390373650530789,0.606949728382929,0.389255192838141,0.0146999597015504,0.801959652032653,0.0031535369571841,0.242139908898443,0.440797831808662
0.0223098571292838,0.828514177189977,0.0363994679311099,0.592265026871611,0.377555532821968,0.0147658760195173,0.892103254294497,0.00286334699222574,0.234729713779525,0.430023680867195
0.0224117752623049,0.798497038745625,0.0339287996877911,0.577935610894486,0.366198344349366,0.0148317923374843,0.987065811801666,0.00259872309823343,0.227546292478894,0.419519885493567
0.022513693395326,0.762276847274743,0.0316155598615187,0.563952884579808,0.355173920045311,0.0148977086554513,1.08387736686464,0.00235752334677787,0.220582705049107,0.409279460089966
0.0226156115283471,0.720466845082539,0.0294504665300846,0.550308460026616,0.344472816699571,0.0149636249734182,1.17904393720431,0.00213777487194487,0.213832223925576,0.399295605573702
0.0227175296613682,0.673885440743433,0.0274247326027768,0.536994152273033,0.334085848461137,0.0150295412913852,1.2684592198026,0.00193766147011457,0.207288327427022,0.389561704210225
0.0228194477943894,0.623401999955525,0.025530042956532,0.524001974386304,0.324004080194438,0.0150954576093522,1.346885368881,0.0017555120265055,0.200944693454844,0.380071314595354
0.0229213659274105,0.570248155819565,0.0237585324013503,0.51132413267163,0.314218820993956,0.0151613739273191,1.40809843357808,0.00158978972036761,0.194795193385295,0.370818166782204
0.0230232840604316,0.515971280111451,0.0221027644593803,0.49895302199691,0.304721617853967,0.0152272902452861,1.44799333519564,0.00143908196293091,0.188833886148586,0.361796157548435
0.0231252021934527,0.461687652771839,0.0205557109413708,0.486881221230617,0.295504249490153,0.0152932065632531,1.4626203421189,0.00130209102438447,0.183055012489178,0.352999345799592
0.0232271203264738,0.408433230318311,0.0191107323035642,0.47510148879003,0.286558720309876,0.01535912288122,1.4493789888541,0.00117762530827003,0.177452989401735,0.344421948104443
0.023329038459495,0.357130043920773,0.0177615587675742,0.46360675829719,0.277877254527975,0.015425039199187,1.40741382323242,0.00106459123372374,0.172022404737339,0.336058334358334
0.0234309565925161,0.308560636818976,0.0165022721853353,0.452390134339944,0.269452290424988,0.0154909555171539,1.3378208026346,0.000961985687986629,0.16675801197479,0.327903023570745
0.0235328747255372,0.263350821117079,0.0153272886308332,0.441444888335557,0.261276474744738,0.0155568718351209,1.24362645268717,0.000868889013526589,0.161654725151905,0.319950679773295
0.0236347928585583,0.221960825991448,0.014231341700023,0.430764454494396,0.253342657228303,0.0156227881530879,1.12953758628679,0.000784458495973,0.156707613951938,0.312196108044612
0.0237367109915794,0.185165797701723,0.0132094665001022,0.42034242588127,0.245643885281405,0.0156887044710548,1.00149410254505,0.000707922320856732,0.15191189894037,0.304634250648571
0.0238386291246006,0.152759626315573,0.0122569843091366,0.410172550572066,0.238173398772329,0.0157546207890218,0.866086385885351,0.000638573968874067,0.147262946947472,0.297260183282529
0.0239405472576217,0.124504206900861,0.0113694878869196,0.400248727903368,0.230924624957515,0.0158205371069888,0.729918145898655,0.00057576702105268,0.142756266592169,0.290069111432263
0.0240424653906428,0.100219616230127,0.0105428274178914,0.390565004812816,0.22389117353203,0.0158864534249557,0.599195462394904,0.00051891034679125,0.138387503942886,0.283056366830458
0.0241443835236639,0.0796477520232099,0.00977309706694055,0.381115572268011,0.217066831802163,0.0159523697429227,0.47990983714522,0.000467463649272218,0.134152438311194,0.276217404015665
0.0242463016566851,0.0624742640598158,0.00905662212894961,0.371894761781808,0.210445559977439,0.0160182860608897,0.374630342685955,0.000420933344210263,0.130046978174173,0.269547796988746
0.0243482197897062,0.0483491594785456,0.00838994675303982,0.362897042011939,0.2040214865794,0.0160842023788566,0.284892694302045,0.000378868749298172,0.126067157221567,0.263043235963929
0.0244501379227273,0.0369054955452327,0.00776982222259514,0.354117015442879,0.197788903964548,0.0161501186968236,0.210935919582484,0.000340858563047916,0.122209130523907,0.256699524211679
0.0245520560557484,0.0278288705596493,0.00719319577231568,0.345549415148022,0.191742263958878,0.0162160350147906,0.151964682237682,0.000306527612999319,0.118469170817904,0.250512574990664
0.0246539741887695,0.0208791087433896,0.00665719992375127,0.337189101630165,0.185876173601511,0.0162819513327575,0.106456327401783,0.000275533854482854,0.114843664905513,0.244478408566212
0.0247558923217907,0.0154589243954866,0.00615914232100039,0.329031059738458,0.180185390994925,0.0163478676507245,0.072466846897282,0.000247565602278456,0.111329110163204,0.23859314931269
0.0248578104548118,0.0112906094507726,0.00569649604852013,0.321070395659927,0.174664821259406,0.0164137839686914,0.0479010015613737,0.000222338978610454,0.107922111158051,0.232853022897369
0.0249597285878329,0.0081311227170703,0.00526689041328267,0.313302333983801,0.169309512589311,0.0164797002866584,0.0307247482655839,0.000199595561961046,0.104619376367388,0.227254353543359
0.025061646720854,0.005771779516878,0.00486810217382231,0.305722214836852,0.164114652408823,0.0165456166046254,0.0191108861461044,0.000179100222173517,0.101417714998849,0.221793561369312
0.0251635648538751,0.00403677708162022,0.00449804719904964,0.298325491088051,0.159075563624923,0.0166115329225923,0.0115198388212532,0.00016063912825282,0.098314033907718,0.216467159803653
0.0252654829868963,0.00278083511738335,0.00415477254005779,0.291107725620857,0.154187700975328,0.0166774492405593,0.00672905469470341,0.000144017916157298,0.0953053346086294,0.211271753071148
