"","T_sim1","T_sim2","T_sim3","T_sim4","T_sim5","T_sim6","T_sim7","T_sim8","T_sim9","T_sim10","T_sim11","T_sim12","T_sim13","T_sim14","T_sim15","T_sim16","T_sim17","T_sim18","T_sim19","T_sim20","T_sim21","T_sim22","T_sim23","T_sim24","T_sim25","T_sim26","T_sim27","T_sim28","T_sim29","T_sim30","T_sim31","T_sim32","T_sim33","T_sim34","T_sim35","T_sim36","T_sim37","T_sim38","T_sim39","T_sim40","T_sim41","T_sim42","T_sim43","T_sim44","T_sim45","T_sim46","T_sim47","T_sim48","T_sim49","T_sim50","T_sim51","T_sim52","T_sim53","T_sim54","T_sim55","T_sim56","T_sim57","T_sim58","T_sim59","T_sim60","T_sim61","T_sim62","T_sim63","T_sim64","T_sim65","T_sim66","T_sim67","T_sim68","T_sim69","T_sim70","T_sim71","T_sim72","T_sim73","T_sim74","T_sim75","T_sim76","T_sim77","T_sim78","T_sim79","T_sim80","T_sim81","T_sim82","T_sim83","T_sim84","T_sim85","T_sim86","T_sim87","T_sim88","T_sim89","T_sim90","T_sim91","T_sim92","T_sim93","T_sim94","T_sim95","T_sim96","T_sim97","T_sim98","T_sim99","T_sim100","T_sim101","T_sim102","T_sim103","T_sim104"
"apolar_viscek=TRUE,fixed_weight=FALSE,residual_type=Gaussian,cut_r=25",0.00276582599158149,0.00330080915166235,0.00336240750059658,0.00329025697882222,0.00342717097915346,0.00329398076523666,0.00346027069054365,0.00346147132813603,0.00354465252652041,0.0033970621370712,0.00341194785813273,0.00342821487064556,0.00349058724811625,0.00346339889357342,0.00345613311697259,0.00356455991142215,0.00359810822532555,0.00352213994404072,0.00359032046797666,0.00357489362045504,0.00337645192468782,0.00342293500605624,0.00337842318330448,0.00342435848415582,0.00342219013090282,0.00339664413792848,0.00331290816309655,0.00341370139252541,0.00329020250822244,0.00325438256267723,0.00313608696886203,0.00315821598201742,0.00305987709504571,0.00308982902636167,0.00295309256130895,0.00303341428219712,0.00305441974322725,0.00302844174038387,0.00288895867598365,0.00283830968632546,0.00281404946643438,0.00283244065048612,0.0026881231966486,0.0028617651023847,0.0027052018194533,0.00273247029822642,0.00267760403069986,0.00282804945947475,0.00275372123894706,0.00276413635657755,0.00270018433741098,0.00261608627195399,0.00260789485774563,0.00259419667388777,0.0026260549940127,0.00267733810693937,0.00260183243418196,0.00268768847709896,0.00259198683481588,0.00248685240465063,0.00250086477208737,0.00252551927386075,0.00246774934695134,0.00237173537121946,0.00252238586532508,0.00237636252296914,0.0024166965355504,0.0024001646982212,0.00247307596614554,0.00246718224624549,0.00236881748344,0.00240914750756145,0.00228925750803514,0.00217567070132547,0.00226217928271089,0.00225307762314771,0.00221531932803836,0.00221072806156156,0.00223931555233442,0.00220889385393988,0.00220069330324557,0.00228426555830551,0.00225694792783667,0.00217053588080705,0.00214557858843781,0.00205819964355023,0.00203412066500536,0.00201935824318829,0.00199685655707756,0.00199662486462644,0.00192634095061191,0.00198942600442977,0.00198042683390181,0.00181728884332014,0.00188761925850995,0.00181761208926425,0.0019023310276111,0.00183558897554989,0.00172633970327111,0.00177886993997405,0.00179757502864708,0.00172650549966003,0.00180654910155553,0.00170731549731208
"apolar_viscek=FALSE,fixed_weight=FALSE,residual_type=Gaussian,cut_r=25",0.00276582599158149,0.00325130630176468,0.00337503317916229,0.00347703662725479,0.00342369549163087,0.00340294380890073,0.00338916716659016,0.00339413848536806,0.00340988121205409,0.00326193573381422,0.00322921882818128,0.0034051839099521,0.00344372261313726,0.00350594321813959,0.00335125761315603,0.00349257307852842,0.00342993033957664,0.00340539777237065,0.00338473659641002,0.00338234874226195,0.0032841732362365,0.00327898072801075,0.00318888337574242,0.00334158633973114,0.0034007839118297,0.0032516218191766,0.00310843211737537,0.00331625626746203,0.00317766899970007,0.00313465651885703,0.00311019542605677,0.00302295632202633,0.00296252717284583,0.00300619557381358,0.00297528876946303,0.00286025723204731,0.00291326751165741,0.00285492291771256,0.00278633087174827,0.00280250277690259,0.00277414263759988,0.00273222817773754,0.00266355372989307,0.00278630832953759,0.0026799527451128,0.00271047950087881,0.00258180360179541,0.00274067841010015,0.00265325564452595,0.0026398609585445,0.00258489063460115,0.00260333956827177,0.00255285918957834,0.00247892424490585,0.00261708411049693,0.00262313308730072,0.00249288107640439,0.00262937288904475,0.00250944653886813,0.00233711013075319,0.00234112437947934,0.00230130909340835,0.00233707369407759,0.00233937341313012,0.00243280296738789,0.00240888604637031,0.00240087584106429,0.00235198476228779,0.00239577954745533,0.00237951013232088,0.00228745175410792,0.00234287178084876,0.00221342256139493,0.0020648094116743,0.00220902433695975,0.00223462061084162,0.00207577593629847,0.00207612066882664,0.0021255081004062,0.00212789263105651,0.00217395728174145,0.00223091005298769,0.00215160668033722,0.00208530244991798,0.00204415559361866,0.00194125857546417,0.0019053581974996,0.00193039171686255,0.00188101042402193,0.00194679128982087,0.00186327633890709,0.00195050777415324,0.00191591552766095,0.00180891532170447,0.00181957156994829,0.00178643357631827,0.00177625025288248,0.00178797008274733,0.00167695606654539,0.00176946358891209,0.00174614714986839,0.00167174133815965,0.00175994875990311,0.0016529653809103
"apolar_viscek=TRUE,fixed_weight=TRUE,residual_type=Gaussian,cut_r=25",0.00276582599158149,0.00422716523773915,0.00516750871404402,0.0060437906284268,0.00683534837108934,0.00736407458770965,0.00782510456272426,0.00823538818151735,0.00870309617458912,0.00906873193071196,0.00935205366255838,0.00942774643341723,0.0097885650896258,0.0101665034829485,0.0102434836499642,0.0104039650460377,0.0105102816659646,0.0105576222843592,0.0107211649810448,0.0107990599978937,0.0109789878591354,0.0110993681630077,0.0112263346907485,0.0114096599468258,0.0114962845401018,0.011483025928516,0.0113848049191221,0.0113837885006502,0.0113241186376553,0.0113530163815853,0.0113764165723765,0.0114728242435392,0.0112863110300529,0.0111842599467634,0.0110518094689627,0.0109789855401003,0.0108860806862337,0.0108131477690098,0.0107736502365454,0.0106778676287935,0.0105615610656623,0.0104652254404496,0.0104547432787687,0.0103520120291775,0.0105094202670602,0.0103675476294417,0.0102215525818563,0.00999180845264764,0.00988336568939449,0.00966599920753751,0.00959237189643882,0.00954344155918941,0.00944831525477822,0.00946241801584099,0.00936075055853935,0.00935696537705437,0.00913395327686522,0.00920451200421118,0.00909115737384804,0.00908551995587987,0.00900874198920201,0.00894681330349403,0.00894661339446049,0.00890535269212401,0.00888309996124076,0.00874552183017442,0.00876715471493333,0.00866356379727977,0.00858828494067129,0.00857105505885298,0.00846447233861586,0.00842594196565798,0.00834024204427802,0.00819687866062337,0.00806078442972937,0.00802134595322201,0.00791709329390664,0.00789995980636875,0.0077266883851236,0.00780688257585507,0.007769714207403,0.00778985563493055,0.00774003873830472,0.00771488457255411,0.00760433624116511,0.00760067215655342,0.0075539206997986,0.00759151447040234,0.0075495688157363,0.00748170749733503,0.0074027309925344,0.00733448997829498,0.00712431805568814,0.00708707937510705,0.00701298070101189,0.00702661437168705,0.00697619104295393,0.00695942575814182,0.00685644129197476,0.00678633825628717,0.00684527482662912,0.00678970926324328,0.0066994031262545,0.00658591900958865
"apolar_viscek=FALSE,fixed_weight=TRUE,residual_type=Gaussian,cut_r=25",0.00276582599158149,0.00405644622168182,0.00504307023775197,0.00561913953152237,0.00606412045197231,0.00642135329718978,0.00662569592825009,0.00672940014403951,0.00680003909457614,0.00685070936939128,0.00687672676478531,0.00700636198314191,0.00693571925081468,0.00706453311762533,0.00698781339552781,0.00716568339986139,0.00738239448106617,0.00732040023714553,0.00721067799177426,0.00719003888366286,0.00731271913559536,0.00726875091007615,0.00713987286982274,0.0073129580797591,0.00726842198366385,0.0071066676341287,0.00700689808023709,0.00683230144878787,0.00665999244638602,0.00661120000206883,0.00665814376342822,0.00654731085890775,0.00660664624970502,0.00661549005058013,0.00655365088746087,0.00662742363463271,0.00646767652363775,0.00630275210985349,0.006278249612341,0.00623015787256953,0.00613260755627247,0.00600939877317879,0.00593169577725382,0.00588028733270293,0.00573620897548476,0.00571449977594375,0.00566690967575884,0.00575290040451994,0.00561454329029303,0.00567194240821605,0.00560094899633644,0.0054978732586287,0.00556866257570294,0.00559186217824455,0.00563929916875974,0.0057269482217652,0.00557086174320006,0.00564357657683511,0.00567856031971943,0.00566682732226312,0.00558247072742132,0.0055695290138092,0.00559835768021664,0.00561591217530883,0.00543630954179908,0.0055243469032288,0.00551248542746949,0.00558285302782577,0.00554994990620724,0.00547301938542742,0.00541220581958356,0.00535022221514915,0.00536567904154089,0.00528257359285025,0.00528272676671492,0.00527703684689661,0.00520863048767376,0.00515382025983798,0.00510963200804454,0.0050780794698623,0.00514592193694576,0.00513985513814797,0.00505161182719541,0.0050173648269441,0.0049780410168351,0.00501434140621767,0.0051027435144392,0.00503782129331719,0.0049461861841639,0.00485666443293193,0.00479307111256214,0.00475161397716526,0.00471660962189809,0.00466400817191987,0.00458848630609352,0.00460857077748783,0.00460993165998152,0.00458160979097352,0.00460264921096412,0.00455987903356148,0.00460632353824807,0.00456450773986862,0.00450129327421694,0.00434060840370387
"apolar_viscek=TRUE,fixed_weight=FALSE,residual_type=Laplace,cut_r=25",0.00276582599158149,0.00297996750663148,0.00312867152568257,0.00317380809828581,0.00320401601432882,0.00315783118151941,0.00328980035342613,0.00332659692217106,0.00328811215608935,0.0030855411045252,0.00305302446279801,0.00332319145186448,0.00337627851957489,0.00329299671868878,0.00322874668746183,0.00333044119618345,0.00323012805768311,0.00313887506469811,0.00317050358422681,0.0032410867116874,0.00323122584657529,0.00304909589699326,0.0031198189064095,0.003089033701422,0.00320211140909974,0.0030834771042015,0.00300518120347223,0.0030981347476391,0.00298841682817326,0.00302404224761134,0.0028699292016833,0.00277831283741047,0.00271236063282591,0.00277529591529635,0.00273388657021223,0.00274021301583236,0.0028424135943377,0.0027075294918743,0.00264255449185205,0.0026087127860488,0.00262998867504111,0.00253320250043591,0.00249534687149701,0.0025332581866459,0.0024753996850082,0.00247169827717153,0.00240645655067898,0.00250508664133402,0.00241798853870234,0.00244701520151978,0.0024025627574257,0.00236201702006244,0.00234451708208443,0.00237498806346625,0.00245680546699862,0.00236760697754481,0.00232039526471784,0.00236056102371485,0.00228197429395125,0.00218994467872173,0.00212591629662138,0.00217212286998862,0.00224095759498009,0.00223350806622872,0.00220465922319301,0.00214222096272654,0.0022013444021715,0.00220459916365837,0.00224505804916032,0.00219765295695516,0.00212541148377735,0.00215141332888623,0.00208481314663559,0.00202592308691696,0.0019309266820276,0.00199683818770534,0.00197311748135694,0.00199313150437013,0.00200676268174972,0.00202125800031643,0.00196780697477839,0.00202064409270767,0.00195335537457415,0.00192908745395953,0.00185406918047312,0.00182585990342605,0.00180807453402071,0.00174329529174735,0.00171094920909405,0.00183335340108433,0.00179286593901086,0.00176859820203685,0.00181534947615814,0.00176683405688849,0.00174264176192294,0.00163171319506002,0.00166179801215504,0.00164181956768664,0.00150944731332826,0.00160439673449573,0.00162142340272769,0.00155683720360782,0.00161081882220784,0.00157626894803542
"apolar_viscek=FALSE,fixed_weight=FALSE,residual_type=Laplace,cut_r=25",0.00276582599158149,0.00304944574962529,0.00314610278482172,0.00309840497935634,0.00304495988150241,0.00313967515476583,0.00316596718313259,0.00314690688577023,0.00315555691979199,0.00293609061626591,0.0030031533010438,0.00309070076746692,0.00306826838928982,0.00319571816618072,0.00317138897205556,0.00318394034571331,0.0030979616029719,0.00304801238958512,0.00309029139513021,0.00309552281582492,0.00300673175326947,0.00293037684268741,0.00295644829072296,0.00294937925709968,0.00309946286800611,0.00302278391455833,0.00288397649213323,0.00297249332750309,0.00295637153263919,0.00291002270637592,0.00278356051344026,0.00266379623069177,0.00269288804641585,0.00271351314568664,0.00266039809205015,0.00268202479762482,0.00266977198152821,0.00260383990242485,0.00255323935829046,0.00260188643989711,0.00248988589807514,0.00251288255027986,0.00233630398699786,0.00252645158104522,0.00238143854155833,0.00238624394247481,0.00229750383447088,0.00248376152013345,0.00242968735578825,0.00242258123868195,0.00231245391726975,0.00223206739976879,0.00225367983799772,0.0022640333390331,0.00225388146328386,0.00228394645747276,0.00219377107138677,0.00225107018827236,0.00222729439674836,0.00213728670417387,0.00211232072065116,0.00205068373118104,0.00211754840007885,0.00204769133620325,0.00213094725380961,0.0020263716520856,0.00210739892607698,0.00207297888364528,0.00209695650282887,0.00213214061594187,0.00203061079376263,0.00201918244170329,0.00195037414393322,0.001875611276943,0.00185604747788969,0.00190146325742911,0.00184137658462141,0.00186607636509747,0.00196087579406102,0.00183976816635664,0.00186025871199002,0.0018543887064065,0.00185852125610721,0.00177656331176764,0.00172191827887027,0.00171614392029598,0.00166117498998653,0.0016759748095892,0.00169235897622794,0.00174312002240996,0.00169793523808325,0.00167725250340893,0.00168701405473701,0.00168053425145684,0.00162995525065672,0.00157506311240467,0.00159185715410034,0.00155485555942363,0.00146512154750615,0.00150694794075312,0.00154115019000456,0.00145828751718712,0.00150229069900233,0.00149429372621086
"apolar_viscek=TRUE,fixed_weight=TRUE,residual_type=Laplace,cut_r=25",0.00276582599158149,0.00411518507511113,0.00504458483828918,0.00588417100584308,0.00640025923606143,0.00679691887362784,0.00730734135241499,0.00763421701297914,0.00807621034666041,0.00847626809217073,0.00866414692835659,0.00885795078699303,0.00918162262148443,0.00942158226727478,0.00963372910198376,0.0096802203338381,0.00974412547107488,0.00960781788008898,0.00973380653484114,0.00987709166614813,0.0100972655655173,0.0101111978003207,0.0101621554659416,0.0103442091419161,0.0103936118542574,0.0104266796822447,0.0104606608591748,0.0104356073360454,0.0102626031286411,0.010201070769497,0.0101686204696714,0.0100646513384108,0.0100830999910095,0.00999391774660052,0.00997128580780508,0.0099506748862928,0.00983609009370529,0.00978968098033753,0.00973101007952906,0.00971842920299226,0.00968099352226898,0.00962836888325527,0.00953758220545227,0.00944740012651434,0.00932930981619412,0.00930541197496552,0.00912736121521546,0.00901347639965983,0.00890860806577678,0.00874128506962622,0.00870549577789166,0.00851538133257171,0.00849060950773078,0.00844517503751682,0.00844760187015645,0.00834872709459493,0.00837324287047013,0.0083105753310053,0.00819425536891174,0.00804160345349462,0.00801710626582757,0.00798582251971027,0.00793624795785019,0.00792061643923856,0.00790868653331355,0.00786471297756257,0.00782826351507272,0.00788733152948559,0.0079206535614714,0.00784661438146658,0.00776687613020489,0.00780082400123786,0.00778492899163765,0.0077717608890603,0.00763157849199316,0.00753452401801473,0.00743591765826909,0.00730483182916992,0.00727777042487272,0.00716370684194533,0.00710910680926729,0.00713467222546332,0.00700629484478153,0.00695250032833053,0.00686018690759603,0.00690303994253412,0.00688982963691079,0.00685602594435289,0.00672127037944915,0.00666656007962546,0.00667306532788376,0.00661415398645221,0.00656873138802914,0.00652590481522089,0.00646186457238544,0.00638922734573058,0.00634293993117862,0.00622321099522262,0.00609830055165092,0.00606227429882499,0.00598797128960768,0.00580244575945531,0.00575578086103727,0.00579886411094823
"apolar_viscek=FALSE,fixed_weight=TRUE,residual_type=Laplace,cut_r=25",0.00276582599158149,0.00398398118425442,0.00479008268289757,0.00546340673838424,0.00582175038385038,0.00606186674593225,0.00622357357585955,0.00637970845657502,0.00666347366143189,0.00665713571823189,0.00674387335934865,0.00686718832966564,0.0069480326112817,0.00688115309314103,0.00697464071300558,0.00688768104837721,0.00693815871221197,0.00695699898879375,0.00692862457498736,0.0067786851575994,0.00682928444350365,0.00684060562872914,0.00672015144917568,0.00676373543643067,0.00681371850407656,0.00677183799855797,0.00675309347433036,0.00671037966818951,0.00674646412784409,0.00655797421881294,0.00647477295360636,0.00633247461221871,0.00632058188744641,0.00614972949733391,0.00617177324492837,0.00612865081450661,0.00615906671656256,0.00600402192006784,0.00587305023966776,0.0058838878451609,0.00576844895036955,0.00588063130613394,0.00581997352418815,0.00575530477596359,0.00563117282649473,0.00545124069833575,0.00539268733560584,0.00544573104772714,0.00546355895128301,0.00540023576244348,0.00541450989093484,0.00519453886396929,0.00513998312101151,0.00511226477034326,0.00493162618234083,0.00494958035086588,0.00492737834351303,0.00481544848843245,0.00464631478343851,0.00463939574129888,0.00465821770738283,0.00464002806060471,0.00465194355827735,0.00465394695563673,0.00465386946799487,0.00468258268229752,0.00465862508190474,0.00467451163138506,0.00460597654298735,0.00463267869598057,0.00454681697204821,0.00451659211703251,0.00458721418348283,0.00451754919443458,0.00442940436799993,0.00436309430696155,0.0043806354767587,0.00438816715446755,0.00433997856083312,0.0043903814604306,0.00437738785802293,0.00436723988661813,0.00439087053654897,0.00438366762149392,0.00439161434826782,0.00435552271689408,0.00429499035895863,0.0042857021329403,0.0042901927206327,0.00424130696036734,0.00430582487769857,0.00435549826267801,0.00430246038851808,0.00423993931849338,0.00417572459853441,0.00421850677189789,0.00418224153756942,0.00411465158245066,0.00401407776055995,0.0040282965803397,0.00406065293753194,0.00403560239207504,0.00406419254256865,0.00407365936166945
"apolar_viscek=TRUE,fixed_weight=FALSE,residual_type=GGD,cut_r=25",0.00276582599158149,0.00304397011909771,0.00324045877399145,0.00313059632723191,0.0031603258113052,0.00313289103489915,0.0032664051532804,0.00321100235931587,0.003404077254084,0.00306052401574851,0.00316034269810237,0.0032640047113821,0.00330646015661544,0.00324087307434728,0.00338003868187569,0.00332046031665111,0.00328319858924978,0.00317286152111849,0.00317351612314054,0.00324103834194125,0.0032076815535614,0.00307153988037192,0.00308828641438586,0.00319545554843167,0.00340979516195361,0.00315629299015645,0.00301456229075774,0.00310890800190807,0.00307394486302664,0.00300988316825676,0.00288226855147845,0.00279012585681977,0.00281442010406699,0.00290151358850417,0.0027777328729086,0.00272098142212105,0.00284615604357489,0.00270779084931572,0.00272164707832677,0.00264328241360525,0.00265726728910847,0.00260355590175374,0.00254495397030335,0.00262237673489188,0.00253431299771965,0.0026244241489676,0.00253884232551072,0.00251654062327148,0.00246389019578316,0.00245546306412756,0.00248915378061721,0.00237940326737155,0.00233781480593303,0.002455155032725,0.00240596575724362,0.0023778769482918,0.00235432933349038,0.00248274751677073,0.00238964642756554,0.00232445562860938,0.00226321886692761,0.00221304389755832,0.00221262229099357,0.00216748350380127,0.00215679791473409,0.00219320906279853,0.00224978362100364,0.00225724903562139,0.00236864211602193,0.00233387916600552,0.00219907300649965,0.00222545615222543,0.00210759646982604,0.00207643207225448,0.00203641563427362,0.00209944852494947,0.00205141159350848,0.00203133014027017,0.00199498839318833,0.00194992684322572,0.00199764372448145,0.00197791036536687,0.00198901428487433,0.00195776324686317,0.0018727685668063,0.0018226780266262,0.00174970979290024,0.00173145092156488,0.00176192140765977,0.00180334859142568,0.00177944791810506,0.00175440521608325,0.00177484508676488,0.00171967676039673,0.00170371947715297,0.00164665703029649,0.00171951759158064,0.00170097073875891,0.00164375446364422,0.00165998813723311,0.00161433321500202,0.00159366199155982,0.00157853497233466,0.00155086626499847
"apolar_viscek=FALSE,fixed_weight=FALSE,residual_type=GGD,cut_r=25",0.00276582599158149,0.00304469268897141,0.00316669028264264,0.0030408855327669,0.00296473516435954,0.0030250443437084,0.00322324770782748,0.00307491752301634,0.00316062219919921,0.00299722095171436,0.00305081962676055,0.00310883026095283,0.00319204257902417,0.00316923089089539,0.00318230862796643,0.00319445234247399,0.00325035979358665,0.00307993147595661,0.00313392210801797,0.00323132300874516,0.00301782850809858,0.00290029316598398,0.00292558026267656,0.00294812683099822,0.00308589870597815,0.00305297938169642,0.00285559025515873,0.00303122936895425,0.00303059291336676,0.0029412060539727,0.0028736318631341,0.00263736235485959,0.00261215596007154,0.00270975491583742,0.00262782405892043,0.00257417792341577,0.00262234263108032,0.00264563016828459,0.00259742009953395,0.0025475499584783,0.00253671044802428,0.00246786140439967,0.00245500183782887,0.00256571314161134,0.00240975243938485,0.00232630440159235,0.00233885157701062,0.00243382554892868,0.00241129466148757,0.00239834229567889,0.0022878422782096,0.00227684638419979,0.0023313075546308,0.00227902019455753,0.00223752153657243,0.00238012163249236,0.00219529208235818,0.00236006177804365,0.00228807625756048,0.00222216599254509,0.00213485618955086,0.00207442980665841,0.00215208233909816,0.00208036715721196,0.00205266409413701,0.00202433165738399,0.0020494617465943,0.00211673385582113,0.00216853420842136,0.0022024101971674,0.00218786587817637,0.00210167526540899,0.00198749607399739,0.00184343299254184,0.00188609493874016,0.00203184413377933,0.00192974257427172,0.00190856315957861,0.00197774907093294,0.00192557613721876,0.00191561244631155,0.0019108411678713,0.00187693318225867,0.00186291863451888,0.00175974474895862,0.00175572091233932,0.0016304188720196,0.0016201897577196,0.00162602894533449,0.00169885769166108,0.00170170367975567,0.00168158889061834,0.00165499627292162,0.00163327478302816,0.00163320239450768,0.00158263930278025,0.00161333114786611,0.00156676618756839,0.00147073500568788,0.00151462333079417,0.00152203890759011,0.00152214074106094,0.00158766730792315,0.00148024752321448
"apolar_viscek=TRUE,fixed_weight=TRUE,residual_type=GGD,cut_r=25",0.00276582599158149,0.00406627328150133,0.00502044750262224,0.00582106368218301,0.00651221962757014,0.00691978644647623,0.0074108257211127,0.00786089911152489,0.0081296277623683,0.00860555715539882,0.00882316533646171,0.00905465330183252,0.00943791455974182,0.00965892059147672,0.00986327362572787,0.00996946412820126,0.0101347389560946,0.0102364742317112,0.010537528286805,0.0107371480157415,0.0108110199773322,0.0109226249930822,0.0110265761412751,0.0110464476054218,0.0111150351673753,0.0109646235557352,0.0111254690272514,0.0111022155629265,0.0110919194624998,0.0108562786758056,0.0108914984206241,0.0108209568428474,0.010833611734111,0.0106321827258969,0.0105384929451987,0.0105919626120684,0.0105558582625926,0.0105067958172991,0.0103516225343315,0.0103044392014494,0.0101723618221751,0.0102167296216099,0.0101311517605147,0.00993916827245331,0.00997440286774904,0.00976768033611553,0.00973486661738236,0.00966536491526522,0.00964355399381767,0.00956890162167496,0.00947385444866924,0.00926821215962965,0.00924552583366995,0.00911518032034314,0.00895280850052385,0.00895432334110837,0.00874564131873551,0.00874054513171579,0.00864805513964216,0.00863054877312327,0.00844492088391341,0.00831704472793267,0.00823119992543478,0.00811547537861791,0.00804387598075827,0.00801783367462159,0.0080543835502221,0.00795156027115803,0.00789920850838552,0.00786503960456739,0.00776712696600773,0.00778761228107879,0.00784021159579147,0.00766244516836951,0.00761557439372557,0.00749967592306115,0.00738601183843279,0.00738982126032853,0.00731261635160225,0.0073046756891712,0.00729809495362846,0.00722952320130754,0.00728265715012376,0.00726164312619379,0.00719001915811365,0.00714565938006138,0.00718447648168004,0.00704232356801525,0.00693825541550075,0.00688920514751265,0.00680836618931815,0.00676785870767859,0.00666549114808321,0.0065069556676378,0.00645211116323555,0.00635383124803316,0.0064559987008211,0.00642906796036057,0.00631496433661306,0.00630909251656342,0.00625494052595719,0.00627521773570536,0.00613930696705633,0.00613994870864299
"apolar_viscek=FALSE,fixed_weight=TRUE,residual_type=GGD,cut_r=25",0.00276582599158149,0.00399712760909772,0.00471869153934753,0.00531670066170636,0.00592178098856484,0.0062290473112096,0.00631263901176008,0.0064051880091027,0.0066796524557055,0.00670235176161965,0.00679714640224765,0.00683216513061282,0.00677780940626223,0.00697484212206558,0.00693239092777102,0.00716863100544746,0.00714330439979306,0.00713047591483831,0.00712121605563291,0.00707792410015476,0.00712420759829989,0.00710947549936963,0.00710581730635948,0.00710949033643797,0.0071236728746833,0.00714764087635883,0.0071352013153113,0.00714268492480217,0.00697551705625863,0.006756567938435,0.00672138234328808,0.00654618978002784,0.0065476751867778,0.00647560171300191,0.00652238004536435,0.00652390219499637,0.0063704858470038,0.00623540332987905,0.00607337448795857,0.00598958137091005,0.00590963292556692,0.00593316131530043,0.00585948419312698,0.00576855767565569,0.00580440318233542,0.00583529673226722,0.00578402328887154,0.00575024002607169,0.00564774844678093,0.00572810515810181,0.00564460032948746,0.00556039768086378,0.00554215589057938,0.00556714341798094,0.00548289096584614,0.00545034243156863,0.00542617632357843,0.00535726614628049,0.00528699813270917,0.00522372429505152,0.00520936243773087,0.00516147696435758,0.00506368028169902,0.00508271754835646,0.00506238304697434,0.00499723340524301,0.00494251838562009,0.00488816237015161,0.00502795823370971,0.00493174503698779,0.00490723771082046,0.00490690630008992,0.00484937264424878,0.00485464712575451,0.00483437092279703,0.00475351918626681,0.0047087382228326,0.00461001400307118,0.00452702378480135,0.00454915748032753,0.00457917827592019,0.00446557524207645,0.00444121787505965,0.0044016760214688,0.00432096945390534,0.00427146014647806,0.00430623025019156,0.00427205246582032,0.00426605028466593,0.00426120034048654,0.00431408875980175,0.00426989756641352,0.00417569577044604,0.00418601360142371,0.00413094294319495,0.00406669238025843,0.00407897672225441,0.00409397256803059,0.00416111283221041,0.0040926750351008,0.00408109499693109,0.00402219224016092,0.00402825944125451,0.00403903388245996
"apolar_viscek=TRUE,fixed_weight=FALSE,residual_type=Gaussian,cut_r=50",0.00276582599158149,0.0032497927072466,0.00333483725704929,0.00344350341465021,0.00351559960623358,0.00334806753998646,0.00341637739473491,0.00350492525851545,0.0035993376490304,0.00331344142759756,0.00327870900019874,0.00339819384849454,0.00351823186443983,0.00354897396093975,0.00341738309267373,0.00349292217724433,0.00355966637020796,0.00343371712138746,0.00346535539832158,0.00356605105003142,0.003558516424213,0.00348231798739945,0.00340112992204884,0.00344934047041278,0.00358693412565424,0.00333246699738761,0.00319339954889335,0.0033419069750192,0.00322627338749614,0.0032469689982386,0.00307419078884262,0.00309036680710111,0.00305633683008487,0.00307858457090662,0.00310103785697535,0.00294846169915904,0.00306260768449645,0.00292140797255946,0.00295657823372668,0.00289488873736703,0.00280163485036042,0.00285911393823103,0.00280133503777353,0.00284423333455251,0.00276146566122591,0.00274461190561989,0.00262175238390004,0.00276315251188793,0.00268312213866781,0.00278924008719113,0.00263385671531095,0.00266546811859798,0.00266142578671349,0.00253335111049672,0.00259761622402978,0.00259280301537674,0.00251989393037849,0.00267000463081624,0.00258532747952294,0.00242879741933666,0.00249043423716372,0.00248852601492859,0.00245289986564555,0.00238046998757054,0.0024869604656392,0.00239620613004842,0.00246063885435766,0.00239978109596237,0.00245575542789238,0.00240057999750007,0.00238424320751668,0.00242389718955957,0.0023053690604519,0.00217196367048738,0.00220680134663549,0.00225886169049879,0.00218986172659892,0.00220855512666976,0.00221111904753378,0.00222521951968422,0.00217885086732588,0.0022982291725638,0.00222444159194432,0.00212995672635395,0.00214972380825145,0.0020589556225477,0.00202747323129192,0.00205523930666686,0.00190423204442884,0.00199280019949545,0.00191183796513457,0.00193082263427753,0.00192456190709353,0.00184364640782344,0.00189786116756361,0.00187164506253564,0.00190814226589481,0.00186423937342856,0.00170616029533325,0.00181197725645185,0.00179416568889659,0.0017351496807811,0.00177867354532382,0.00175103556851744
"apolar_viscek=FALSE,fixed_weight=FALSE,residual_type=Gaussian,cut_r=50",0.00276582599158149,0.0032805404582153,0.00320241335216387,0.00333729207849731,0.0033572723838379,0.00330669393352909,0.00343782674430432,0.00343756575697371,0.00348920814944255,0.00328646649626313,0.0033483862774135,0.00332642524405803,0.00345597403666317,0.00347247763695765,0.00341592013622091,0.00349996390345565,0.00347258827509605,0.00346296244024277,0.00350231857924924,0.00338439411304125,0.00338213101025123,0.00329457681752285,0.00339707164127146,0.00346321945434197,0.00348941921972428,0.00327839621286394,0.00313566552362243,0.00325566579567213,0.00321179377917163,0.00314284126870246,0.00303035788325519,0.00299624336400968,0.00297040360558254,0.0030236186439841,0.0030289280707098,0.00293420953470369,0.00314297617930392,0.00297657176091993,0.00289578920928972,0.00283969417793307,0.00278346116259794,0.00276501173356068,0.00269663296712281,0.00288188893115688,0.00267837546419225,0.00279642861518358,0.00258084746645588,0.00280700066787608,0.00267276501376374,0.00281078841567628,0.00266254585140908,0.00259899610623615,0.00258048284283242,0.00260982980300055,0.00264519611060762,0.00265374645295472,0.00256205330771897,0.0026191856769763,0.0025323664562791,0.00243447884288866,0.00237279774811667,0.00241564521798918,0.00244096708209999,0.00240064755746028,0.00247048712995373,0.00230383640465412,0.00237597587845753,0.00240501348235533,0.00245289167099019,0.00244682825893965,0.0023483864675307,0.00239512893644337,0.00228616197341543,0.00216897489589139,0.00226445136541111,0.0022808467656935,0.00222097155068106,0.0021745349850012,0.00216256362184311,0.00216254379796002,0.00213577284574209,0.00223608563030141,0.00213454544932376,0.0021007821174513,0.00208614021937525,0.00205997951158609,0.00200593441808678,0.00197145766824773,0.00194381097324045,0.00204904653344457,0.00192756863357482,0.00197381279483775,0.00194811236517399,0.00184335936682222,0.00190920914111142,0.00182104639874897,0.00185124720241393,0.00180069854174373,0.00175341922618415,0.00182032937036908,0.00179951994336474,0.00172608655557365,0.00176409463208821,0.00167479126405762
"apolar_viscek=TRUE,fixed_weight=TRUE,residual_type=Gaussian,cut_r=50",0.00276582599158149,0.00407266132147647,0.00476337914908903,0.00536676374108501,0.00584301148753712,0.00604789106854745,0.00639786162863544,0.0065416056758784,0.00677628072823428,0.0068616165798805,0.00688888083604866,0.00695158081119986,0.00689698924689019,0.00703015123212038,0.00709353354480893,0.00725761310292111,0.00731066565852758,0.0072914874622838,0.0074164284307313,0.00736124959008575,0.00727913485887663,0.0072797267121038,0.00722832068359294,0.00726252236834402,0.00745390330135005,0.00741711458164546,0.00749286736613493,0.00730651097987084,0.00717532091568701,0.00710717505197593,0.00706564880624108,0.00715693215597973,0.00719982510505443,0.00722118828759731,0.00713832875110667,0.0071982540630044,0.00731521715753322,0.00736328081767465,0.00715532652466749,0.00710653958065605,0.00696785649439391,0.00692972412963472,0.00686382852390668,0.00685050510949761,0.00676550675131025,0.00667325578386938,0.00658580365547256,0.0066385135366719,0.00656872823029513,0.00656537306919813,0.00641403342069499,0.00635054571627767,0.00628050438359758,0.00627367119307139,0.00624957343289278,0.00625742724676681,0.00629830719279103,0.00631423996492448,0.00624054524025036,0.00620102221028885,0.00620535956831064,0.00616652245782479,0.00610989686872822,0.00615602108112646,0.00602528403831545,0.00606262866029346,0.00612239417525884,0.00617618889671786,0.00628782470498488,0.00628194142098282,0.00617473458651528,0.00621433561172061,0.00624262389631127,0.0061735798502416,0.00613102149865092,0.00604153803406441,0.0060501038304725,0.00601408903699954,0.00588185955273597,0.00584187311756663,0.00582929948273284,0.0058583164675474,0.00577627262646702,0.00576855790764235,0.00562579052453063,0.00559168593046255,0.00549776337384266,0.00554713343289886,0.0054921279836584,0.00558770091823515,0.00560537515848571,0.00555881513796125,0.00549575106449087,0.00555513800204202,0.00554170608111459,0.00543641597842157,0.00544900511685863,0.00544102195390401,0.00545329126456347,0.00546191884076814,0.00534837170974272,0.00536521813987877,0.00531419177688737,0.00529435230324122
"apolar_viscek=FALSE,fixed_weight=TRUE,residual_type=Gaussian,cut_r=50",0.00276582599158149,0.00372176767115595,0.00392669069150938,0.00443167387907489,0.00451037770560018,0.00459394926480805,0.00479102444976587,0.00475074633140176,0.00485920062290143,0.00502864006150247,0.00496521776015919,0.00504701130213737,0.00515999962886792,0.00515905447861818,0.00508465684392363,0.00511236097359375,0.00509581455983712,0.0050647064351156,0.00520126818690722,0.00535597704254569,0.00526284961366867,0.00518503601251009,0.0049940474525934,0.00516752589723941,0.00522158064195421,0.00520816225985804,0.00514883536765698,0.00514241894144547,0.00505883242250312,0.00495509857026518,0.00501182302257574,0.00498868767813003,0.00493907486192667,0.0049288120603803,0.00491642847507679,0.00506218342482344,0.00508546469491868,0.00514374412324194,0.00504319804265632,0.00520044019419503,0.00508928408980297,0.00513509681321413,0.00494617168646305,0.00496667509278983,0.00501995215480399,0.0048333626918277,0.00474467979551758,0.00479237645714185,0.00467376708678367,0.00457544935235952,0.00460341130576326,0.00446994216159758,0.00450686481629564,0.00439655986995767,0.00433192469894668,0.00431356683546296,0.00418442479892526,0.00422844024301555,0.00421058824444216,0.00413370510397178,0.00406533150601399,0.00408921591638972,0.00412763662066395,0.00395423341543696,0.00397069735617137,0.00381473969870961,0.00385071122855642,0.00387723184905091,0.00388975661244719,0.00391819230182891,0.00381002263477026,0.00391672080295326,0.00374213783157515,0.00374298019684732,0.00376180902480232,0.00368495144629114,0.00364320584821339,0.00365399435914326,0.00365441070560737,0.00360339430744479,0.00358609414442379,0.00367476935558562,0.0036199965141827,0.00359008189881393,0.00357826954999413,0.00356697197263755,0.00352796644740745,0.00349450611577122,0.00352325091199088,0.00354944691649035,0.0033984569800909,0.00345547244324914,0.0033869324530616,0.00335332130018834,0.00327911947445003,0.00319895509729312,0.00326248294228187,0.00316307276403524,0.00315572419447459,0.00321724152392747,0.00330900165686273,0.00330751798634557,0.00325648272678874,0.00318425554535475
"apolar_viscek=TRUE,fixed_weight=FALSE,residual_type=Laplace,cut_r=50",0.00276582599158149,0.00303244290634305,0.00311257304170053,0.00312986051749393,0.00308759135183965,0.00312556747845045,0.003169563744674,0.00321307945095092,0.00323099993709353,0.00315046429401956,0.00311045048147411,0.00322912492356117,0.00319818911224594,0.00318634709820922,0.00320072070448474,0.00306001429038408,0.00311042221609001,0.0030645389342975,0.00303804425547544,0.00313369802286029,0.00314657802157227,0.00308773572927893,0.00306333172687011,0.0031065053885179,0.00312993995530824,0.00295632039442078,0.002965434020704,0.00296280557376175,0.00289603797529101,0.00294119139778921,0.00273485117750102,0.00274213175701978,0.00265790407441288,0.00280328209822911,0.00265447303607473,0.00256925208983189,0.00269927738125801,0.00270623876899755,0.00265346055141726,0.00253307957642272,0.00254737239150951,0.00254323485284221,0.0024244354144593,0.00257617387833552,0.00245232133177443,0.00251682646654943,0.00236812737082859,0.00246451075874331,0.00244024332699878,0.00243276619413311,0.00237012014086284,0.00231523637378812,0.0022463011436649,0.00226077500133232,0.00222952307462995,0.00221642904739208,0.00220554256979008,0.00227418414082313,0.00217020566671629,0.00213918449679832,0.0021231623377113,0.00207276907155585,0.0021230914290158,0.00209811462270847,0.00209043663922964,0.00207451377330759,0.00210899506172996,0.0021809098053046,0.002135444934085,0.00217799346907964,0.00211576983006807,0.00207541527763286,0.00193936187276932,0.00192526332519641,0.00191941529145319,0.00202705205320338,0.00197495738588759,0.00189530764097266,0.00181703260907336,0.00185901971684448,0.00193943442498328,0.00188403795899793,0.00185216274898746,0.00186138800166934,0.00184934792678738,0.00178746584153342,0.00172685171395508,0.00168129155165347,0.00169585514146483,0.00174905649560158,0.00164387312291085,0.00163084961995131,0.00166942338604489,0.00168048939751767,0.00164817312436746,0.0016241730702288,0.00155260123839646,0.00156654979815322,0.00150455241004975,0.00154773324275489,0.00153946894402778,0.00151657722665409,0.00152124979837096,0.00155587376168597
"apolar_viscek=FALSE,fixed_weight=FALSE,residual_type=Laplace,cut_r=50",0.00276582599158149,0.0030344534615404,0.00298663430942542,0.00298734535884556,0.0031227958426065,0.00303361678459442,0.00306148034620977,0.00304452037471809,0.00306966343930671,0.00293053808736377,0.00310857286234089,0.00310633312260149,0.00315179038329273,0.00316391295240513,0.00301021783354091,0.00315809040227732,0.00317768201844812,0.00299165736203918,0.00306493182328817,0.0032039220400885,0.00304721570833071,0.00302822464212603,0.00290018035322694,0.00303617509831564,0.00306057295802279,0.0029601169690442,0.0028214287032335,0.00283711287792818,0.0028219989527204,0.00288701692400322,0.00279077557452939,0.0027788123687737,0.00272508761371741,0.0028057284897779,0.0027360758305902,0.00262672986395851,0.00278780165012976,0.0025590654506848,0.00258403966550603,0.00250801005471399,0.0024669824418917,0.00238282982503506,0.00242104163904929,0.0025743564316387,0.00240615693738555,0.00247017499089725,0.00232005713723428,0.00241473718614095,0.00239903801780447,0.00245799400385699,0.00230189132176555,0.00227781667752649,0.00226904692067762,0.00228680078524063,0.00230635719255316,0.00226257103412724,0.0022192497978889,0.00226865621747587,0.00220021310907206,0.00213148701201881,0.00209497300547699,0.00205806807712572,0.00209938909864794,0.00203250270099479,0.00207879589059097,0.00200334135439907,0.00210663619570481,0.00210302957224163,0.00216347592306863,0.00209121775937135,0.0021509787018638,0.00194994008510677,0.00190590619740425,0.00189330354403682,0.00196053511501843,0.0018865200163225,0.00190136555830928,0.00184111199067334,0.00183564730516117,0.00181061932783005,0.00186019305527009,0.00185151657521761,0.00190139339084369,0.00178303327420094,0.00176398311850666,0.00173116301866145,0.00170822512284804,0.00168504156381052,0.00165179500468259,0.00171312994139206,0.00165164023776792,0.00163367224062591,0.00165334619328091,0.00166183473122615,0.00163570930801235,0.00155101236766869,0.00166091684685906,0.00160261158249705,0.00153732608121154,0.00156390063220291,0.00152558238002931,0.00142964321814015,0.00153831259841488,0.00149774653756333
"apolar_viscek=TRUE,fixed_weight=TRUE,residual_type=Laplace,cut_r=50",0.00276582599158149,0.00385733863298346,0.0045324391962274,0.00510681185279683,0.00554017238049365,0.00584756817486305,0.00599106978734336,0.0063530586586376,0.00641297644031134,0.00661568213071883,0.00657456900078294,0.00673931541783535,0.00689686332875363,0.00702462884682287,0.00704015246039247,0.00704218277482251,0.00721729514216143,0.00710737412200266,0.00711154784422616,0.00711411919470705,0.00709958099786148,0.00702279069711245,0.00699659059885471,0.00696783760928957,0.00694687882948533,0.00697390832819685,0.00696447486100449,0.00681410000711917,0.0068962501705372,0.00686994076711145,0.00677195625078131,0.00671227701416733,0.00676113458421595,0.00655664230781456,0.00658629714125303,0.00656694176529048,0.00655129145426329,0.00657871471713238,0.00657800518715304,0.00660128539684634,0.00654339383490188,0.00657576577556497,0.00660208585310219,0.00657914943359262,0.00659146737660999,0.00660651744273019,0.00656673125821059,0.00649378717731142,0.00641307109842832,0.00637602563754528,0.00639795665714591,0.00629618576572289,0.00619976579624735,0.00631551922100678,0.00640897892611558,0.00648469396059862,0.006351434365444,0.00636157383890485,0.00633816141816221,0.00627007006585647,0.00628503266260002,0.00616787744910784,0.00609387562637191,0.00603787250728114,0.00600689078836928,0.00593788147144145,0.00587669329474457,0.00579439557715482,0.00574863844859184,0.00572926964642161,0.00556896717243161,0.00554330275000751,0.00548301977007486,0.00543520144754321,0.00540785625109189,0.00528395137083081,0.00517674577285843,0.00506355049961224,0.00496228272173056,0.0050796567094506,0.00500697481906199,0.00488109369363307,0.00474111546027927,0.00464218332805897,0.00462633988406611,0.00459224110460291,0.00453137105885494,0.00451140792987885,0.00439273697536485,0.00436691204619508,0.00433004829710024,0.00434129137895457,0.00432455464118612,0.00427722391254569,0.00426847271352738,0.00424192010524632,0.00424911794355173,0.0042876518195626,0.00422148333789558,0.0042717867545863,0.004331982696212,0.00432108757168511,0.00420381351504735,0.00422614279678903
"apolar_viscek=FALSE,fixed_weight=TRUE,residual_type=Laplace,cut_r=50",0.00276582599158149,0.00350455098717172,0.00373676060538171,0.00411911358395255,0.0042697973201085,0.00446386591073467,0.00458817898436289,0.00462572648087769,0.00477637540623486,0.00477753655316583,0.00487740603232359,0.00498634463551837,0.00506094787256716,0.00506202885732032,0.00501916472075063,0.00519322856100979,0.00529487045114075,0.00517054701572716,0.00529871728648582,0.00500837829093247,0.0049223145376419,0.00481162640864858,0.00475232915265792,0.00494054180110895,0.00500700217177015,0.00483642277556467,0.00482984806965317,0.00452575934417459,0.0045176580880548,0.00457909724155064,0.00450677116423596,0.00454133502227761,0.00442270476197851,0.00447380917540074,0.00436550948085365,0.00433232204784768,0.00433636496417405,0.00423871816151022,0.00416068845730112,0.00409079691232762,0.00409504957595245,0.00415386252945327,0.00414218531142145,0.00401294632932124,0.00408832784478936,0.00404308534923042,0.00402163667301618,0.00400610826460961,0.00404112017740905,0.00404222848804574,0.00401546285061787,0.00399439637495846,0.0040200437577172,0.0040258233241311,0.00402430609626198,0.00408951558941458,0.00398426544922924,0.0040522638140175,0.00396736945381618,0.00389138521912699,0.00386372088909659,0.00373032927845856,0.00364800276966945,0.0036713603975384,0.00364083076593114,0.00367710636955236,0.0037066836207277,0.00364770569570742,0.0035868490662848,0.00366847994780443,0.00357147971932129,0.00360174721276282,0.00353395329948402,0.00347159530575138,0.00348527645464251,0.00348425261224448,0.00349195407130931,0.00347743785913692,0.00349316246668638,0.00350921039698349,0.00345410126503054,0.00344066696605826,0.00346964270730933,0.00339312609917449,0.00342368820710853,0.00344192018569452,0.0033900935930595,0.00337705200522395,0.00333507990579076,0.00339713564039523,0.00341888224808647,0.00329093885559278,0.00334037633806341,0.00328932691241844,0.00327067754817047,0.00321554428358088,0.00325737820516718,0.00320854026155082,0.00315541665526186,0.003094449649108,0.00314289052490279,0.00311201550141011,0.00311040587007055,0.00300255995079932
"apolar_viscek=TRUE,fixed_weight=FALSE,residual_type=GGD,cut_r=50",0.00276582599158149,0.00293303799365405,0.00307495012327083,0.00316722971172471,0.00319432334619687,0.00309475226013529,0.00323249993350657,0.0031843826189799,0.00323095610653391,0.00305812318836903,0.00312056588375612,0.00316130368840946,0.00327589834283047,0.00326931664431737,0.0032104580644733,0.00331148998064957,0.00336523135371381,0.00325134263395906,0.0031491693746232,0.00320093940440887,0.00321201857979338,0.00317301296473721,0.00309884126689691,0.00304159899210283,0.00326989234217737,0.00305788106222029,0.00288073124337407,0.00304315591541809,0.00299132400296508,0.00295107616472797,0.00276342370613437,0.00275296755409038,0.00268485030819335,0.00272329656996897,0.00275068010269006,0.00275831158963508,0.00282283944465511,0.00278958050252009,0.0026075037006955,0.00255677884594884,0.00260264136804253,0.00254322377157266,0.00246278693022171,0.00253715417723472,0.00242441838607199,0.00245322076489302,0.00234980227640655,0.00242902976307029,0.00235543089263808,0.00240992383706158,0.00233001211814154,0.00232576463217246,0.00238816425747081,0.00231260206293234,0.00231787689076874,0.00231909294844824,0.0021649676392963,0.0022828453258057,0.00220644657729615,0.00217639996919304,0.00211093091894115,0.0021533272088072,0.00215593892214702,0.00209755294638787,0.00212485774899579,0.00205391762932832,0.00214960514174604,0.00213494951036416,0.00215940568916053,0.00219716444403638,0.00215129093179619,0.00216051591650913,0.0020105294841725,0.00199692043319049,0.00196406735150811,0.001931874464808,0.0019388402029365,0.00194602299507692,0.00187841233572005,0.00188407566747719,0.00193169144944009,0.00195111992101474,0.0019100014735794,0.00185788546362786,0.00180429631769077,0.00175931341764036,0.00171861061850616,0.0016871971955874,0.00163694112923233,0.00177744663662844,0.00169093422959239,0.00170533951330715,0.00169040434406801,0.0016625986730539,0.0016420383720311,0.00159875319290751,0.00163499126693587,0.0016532978157677,0.00156488263967733,0.00158306667129309,0.00158489304933471,0.00152651800250186,0.00160030019930276,0.0015601115830148
"apolar_viscek=FALSE,fixed_weight=FALSE,residual_type=GGD,cut_r=50",0.00276582599158149,0.00296698435472365,0.00295278176687814,0.00304820072685472,0.00303024409781962,0.00289785415959417,0.00301001279918994,0.00300271605523623,0.00311210931675978,0.0028610953774686,0.00313317144888182,0.00315754780260012,0.00323698663591212,0.00308566266247305,0.00314268428913387,0.0031711646299845,0.00309605982755602,0.00304579642006747,0.00294980982202027,0.00317039482286984,0.00301137394611805,0.00290925191878865,0.00290246756900502,0.00304583705592563,0.00321011695053396,0.00302986832669538,0.00285782829956889,0.00293622382858148,0.00294821399341467,0.0029634912947902,0.00273680609304834,0.00264727378048347,0.00263855477258061,0.00267920080516095,0.00261280737463341,0.00263261499203905,0.00269366151563109,0.0025926503847607,0.00255024808229302,0.0025880841162995,0.00264324935398342,0.00252567777339239,0.00246800844006139,0.00246020727030925,0.00242142338815946,0.00247744328465848,0.00224774345196634,0.00242000916763786,0.002420018516918,0.00237458412027807,0.00234863697985141,0.00219936755511195,0.00226539815732363,0.00221116832488035,0.00225456652604836,0.00225357890530235,0.00224906681388811,0.00227612311520443,0.00223890300901342,0.00212002000853332,0.00211523265546463,0.0021268464252421,0.00212634365642545,0.00204152720657967,0.00215776769467932,0.00202742185162997,0.00200342984573233,0.00208421348893507,0.00211469622254365,0.00206263292308201,0.00194146463097699,0.00201782906854869,0.00193517866429175,0.00192370415637412,0.00190955281032775,0.00192248338931416,0.00185211339074858,0.00187130179567176,0.00193200087251096,0.00184140657516087,0.00190413140834831,0.00191184738690474,0.00186352096118031,0.00186204448153176,0.0017817485787739,0.00178502161754681,0.00170443433661263,0.00168181618181856,0.00164627014686493,0.00166058054854512,0.00164589340364,0.00166944240841366,0.0016398008676904,0.00163801030850848,0.0015898178510796,0.0015531941953198,0.00160251414849305,0.00159105350597519,0.00149516044897032,0.00157678548043072,0.00154529912333941,0.0014940988631633,0.00152322848329621,0.00147370362271646
"apolar_viscek=TRUE,fixed_weight=TRUE,residual_type=GGD,cut_r=50",0.00276582599158149,0.00379721137211072,0.0043940529685141,0.00507921009606342,0.0055406625496692,0.00580156627977706,0.00599558540212603,0.00631529395321587,0.00652015613363318,0.00672080314579238,0.00677498248706553,0.00673254478465044,0.00679060663154689,0.00691497015000602,0.00706622299970558,0.00697323487650506,0.00707874511083152,0.00696705679317501,0.00709911996678274,0.00721260342199376,0.00713762155573818,0.00706767478020114,0.00699713848800105,0.00708244903274028,0.00702750469942109,0.00712063034975295,0.00704889353651795,0.00697924776184572,0.00705455752076774,0.00689969959677912,0.00692121626755459,0.0068797220296103,0.00673728985535112,0.00679466191270884,0.00675876756619109,0.00667720385321131,0.00666440751229808,0.00661104920367728,0.00656671966566232,0.0066286952320255,0.00661615704261012,0.0066320071248695,0.00656201320011105,0.00667998873689106,0.00669860133232214,0.0066363650645887,0.00659822253995353,0.00666350607233466,0.00656628120666941,0.00657736329084312,0.00657614487903594,0.00650768473288878,0.00641862720840591,0.00640145022946239,0.00633441401836371,0.00628495388002296,0.006145566199795,0.00609866071813306,0.00605233823649367,0.00605541529697355,0.00603498323289362,0.00600125629052057,0.00597364349815498,0.00602600658987169,0.00599123451335291,0.00594824382053448,0.0058940982629852,0.0059490204575402,0.00594320249508739,0.0059297095281558,0.00589274215258016,0.00583245447122026,0.00580693210719973,0.00570426356519933,0.00576913861512102,0.0057104659898531,0.00570893764911492,0.00560558974898474,0.00558307379802871,0.00560700006117141,0.00556606023354043,0.00546383007133695,0.00539417994805537,0.00531057344963113,0.00528998729418256,0.00530091876413242,0.00523173776164511,0.00513246281044405,0.0050767116372324,0.00505696134398157,0.00502224435472542,0.00501487764037917,0.00499304828482639,0.00494767073290679,0.00492500300996432,0.00490729513798704,0.00488680061644558,0.00496502937981256,0.00488947436955984,0.00484950269525519,0.00485493423267701,0.00480868906429561,0.00479057479819452,0.00477124008426394
"apolar_viscek=FALSE,fixed_weight=TRUE,residual_type=GGD,cut_r=50",0.00276582599158149,0.00347680742485091,0.0037589719345781,0.00418804461420943,0.0043158709812718,0.004412780481267,0.00456673341872274,0.00480416315015779,0.00476711123766994,0.00493634943155823,0.00498733435363163,0.004849326433864,0.00487891221960488,0.00495712134110434,0.00499440576885381,0.00498014104347671,0.00494995581174835,0.00497828747266391,0.00504842005790597,0.00510917685575588,0.00507750634172299,0.00504079654581411,0.00479468855660981,0.00506266604903,0.00512257335590186,0.00503187854954213,0.00500872710299321,0.00493344246689378,0.00489630128775192,0.00495050897781792,0.00490778086070272,0.00476016278142597,0.00463295579827157,0.00468445240891035,0.0047070917749938,0.0047010918928283,0.0047803040740455,0.00476567399679901,0.00482548707525662,0.00482966280018038,0.00475669342488918,0.00478455449665205,0.00466200451112172,0.00467343996378847,0.00455893007543485,0.00452039466601526,0.00452119711329913,0.00468023454959933,0.00462150435487897,0.00463056581501799,0.00455773056232279,0.0044951664158473,0.00439893297663512,0.00446906195257779,0.00439651357415431,0.00437332466871325,0.00425266694917907,0.00419829317934351,0.00410807340657656,0.00402194687672415,0.00402411731105652,0.00403829503616496,0.0039386789232162,0.00401728872977756,0.00396084936428423,0.00397673061003869,0.00398364029629765,0.00396927895281251,0.00398732252882146,0.00407370401767692,0.00403575359149103,0.0040398892395453,0.00407909758313597,0.00403827157135694,0.00402533061227049,0.00395270788763086,0.00397277202778264,0.00384761576865533,0.00389703019063334,0.0039916462535221,0.00392377713458601,0.0038933248255945,0.00385990998951783,0.00377567556570663,0.0037047182259349,0.00372483342076952,0.0038054534741806,0.00373398518746881,0.00369133031689585,0.00367777271556718,0.00365661408886244,0.00366533364116544,0.00364126333535225,0.0036130224102784,0.00369095231503771,0.00368481292696007,0.00371714951727021,0.00360094976125966,0.00359613601771716,0.00362002139525574,0.00356576474037776,0.00352917216600755,0.0035863475588874,0.00348349263642133
"apolar_viscek=TRUE,fixed_weight=FALSE,residual_type=Gaussian,cut_r=75",0.00276582599158149,0.00321636874026335,0.0033407369913587,0.00335080350512818,0.0033572317756958,0.00336041991343881,0.00350063448395387,0.00352260850374001,0.00362056836411738,0.0033641586560857,0.00342823462243986,0.00360649941558985,0.0035130678913222,0.00356744972686874,0.00348790822539277,0.00359465568251027,0.00352801872085981,0.00349692903392341,0.00349726407785745,0.00351874022876856,0.0033631618732218,0.00339709289126163,0.00351789915713805,0.00347055700219934,0.00358217105113999,0.00341964739409538,0.00323119864810765,0.00329597607433545,0.00326971525901925,0.0031811548472269,0.00305585790109801,0.00302634778448191,0.00297597995031285,0.00309215386828233,0.00309270127153838,0.00305920646112773,0.00309392732693905,0.00292491127624105,0.00288918042971036,0.0028522206351424,0.00283206484258021,0.00279242567143934,0.00269663732476294,0.00287116953734697,0.00277750144448326,0.00273245814878104,0.00263243985066141,0.00282495748402202,0.0027038516931271,0.00281515192338619,0.00268828061513957,0.00258114055534716,0.0025905995693079,0.00258779786390595,0.00259482910215838,0.00264912228180413,0.00250534138540763,0.00262263265712849,0.00257890365321949,0.00247825678446608,0.00240793329533819,0.00237183929650443,0.00247849310608898,0.00238766602923108,0.00247991152334962,0.00234903737450588,0.00232303473307634,0.00240005610471225,0.00245428498929037,0.00241218868067403,0.00234448943067674,0.00247388526478034,0.00229417747039029,0.00213956878764892,0.0021753024733187,0.0023037078680335,0.00227478665663313,0.0021943510609928,0.0021649776984088,0.00217693594734596,0.00216531200382977,0.00222254831110635,0.00222634908596633,0.00221854824178362,0.00213865594745159,0.00203485937113413,0.00199573421679121,0.00201556806867876,0.00197659546302547,0.00198320813144982,0.0019274925446152,0.00190815139567712,0.00195067828108548,0.0018515638474876,0.00190274543108877,0.00177592390953603,0.00191992959506893,0.00181200655901221,0.00173594428369374,0.00178927938027566,0.00180280512607323,0.00174072857710573,0.00180195593678429,0.00176124720816532
"apolar_viscek=FALSE,fixed_weight=FALSE,residual_type=Gaussian,cut_r=75",0.00276582599158149,0.00326218886199151,0.00331603802906827,0.00337842942580192,0.00342877590997528,0.00324803992576804,0.00342486078079076,0.00351285540816329,0.00353293543678245,0.00336942354308355,0.0034336567627064,0.00351305330003462,0.00347992118950813,0.00353025601973071,0.00351290161752791,0.00347044422085354,0.00352831406342771,0.00348518986093554,0.00353029045478227,0.00364926957568182,0.00345639015308891,0.00348200698338155,0.0034449403342196,0.00337083915937524,0.00339046133613996,0.00342817225188071,0.00326878716354242,0.00336114513597098,0.0032585431468608,0.00321607636571419,0.00314477414390152,0.00311922924637067,0.00310841572508592,0.00315371884034806,0.0030530845295975,0.00298738577538449,0.00302036153878473,0.00293622771649778,0.00284558496875643,0.0029494596225822,0.00291386184844328,0.00291247203974903,0.00271767248753419,0.00287792404933314,0.00278669122497847,0.00279128168485887,0.00266356886040589,0.00286934343953345,0.00282224105473599,0.00290102759924822,0.00271297689246783,0.00264256385377611,0.0026139827187153,0.00257500241830609,0.002614262859946,0.00262500841688944,0.00257783592513519,0.00271971995647939,0.00256144439891384,0.00250660365588077,0.00254956181311107,0.00247666266328713,0.00248306143424876,0.00243498533168156,0.00251034713506386,0.00237284483171379,0.00249731095604129,0.00240268430008705,0.00253519991967813,0.0024590356009619,0.00237765965775721,0.00248520003875583,0.00228799036279799,0.0021394807206129,0.00220958848477908,0.00231112844700111,0.00230055999858093,0.00226818321989837,0.00222798798225382,0.00222857244399233,0.00223990458660828,0.00225761060143042,0.00224105387311128,0.00218706169260076,0.00217777007496176,0.00208053260983457,0.00203442882570236,0.00201004618521423,0.00190569159438623,0.00201142637246596,0.00196047104813276,0.00198165485310657,0.00200557130895626,0.00186829967708133,0.00183035526317871,0.00190656578544131,0.00189174431694775,0.00184177195885649,0.00175855507896927,0.00182224710852703,0.00180046769193509,0.00174759677537303,0.00180121767056997,0.00176706817128722
"apolar_viscek=TRUE,fixed_weight=TRUE,residual_type=Gaussian,cut_r=75",0.00276582599158149,0.00386518393923052,0.00426769810510484,0.00465370029094483,0.0049226056881595,0.00496963497022978,0.00508719073841427,0.00519244772790863,0.00532607621420608,0.00537727191137111,0.00532459983283522,0.00543685432326389,0.0054813402199224,0.00567720667954597,0.00579197859765444,0.00590395791096788,0.00604779364499014,0.00581078574222076,0.00590837788571324,0.0058733802728407,0.00591231028777437,0.00594852523364509,0.0059085232886267,0.00607368751118567,0.0061887642701619,0.00614746087258333,0.0061366328705983,0.00627607753786885,0.00629797542245803,0.00627972851074902,0.00632717145793691,0.00635775973589053,0.00641744410633777,0.00634436601506746,0.00637728411118253,0.00643537941067191,0.00644254258683112,0.00638613603626572,0.0062157294428479,0.0062303219222377,0.0063189328840643,0.00627643281536482,0.00642326850665921,0.00654323883926362,0.00652419352025125,0.00652003016849072,0.00646052238498836,0.00637863003997159,0.00631265920402094,0.00629088073531702,0.0062808230554857,0.00636347614559549,0.00638185404465522,0.00621149038333263,0.00625199787832652,0.00611049786994302,0.00604098752842477,0.00609657167014389,0.00604139859246532,0.00596044564015632,0.00592812228219551,0.00589884673301589,0.00587126402770273,0.00584022334036981,0.00581452948243323,0.00575260926992858,0.00575740306534614,0.00573000437331794,0.00577175036966926,0.00577792123715046,0.00570973186927301,0.00572374555419988,0.00567623828105317,0.0056531344588271,0.00558922646034178,0.00555224740325523,0.00559223773716544,0.0055301948192244,0.00554792971117322,0.00558205289617261,0.00556263056558894,0.00555646379366258,0.00556149938601152,0.00554430711706297,0.00544768526059119,0.00540856031562913,0.00535279064930586,0.00522937888018949,0.00512931013161983,0.00507464268339038,0.00500247500210455,0.00493449310944363,0.00492518351097117,0.00485799462019735,0.00480686486651077,0.00472781278233251,0.00468137419969108,0.00465874169387169,0.00454861439178806,0.0045344366495939,0.00455481149714639,0.00449526354770173,0.00451204792046213,0.00442047342621713
"apolar_viscek=FALSE,fixed_weight=TRUE,residual_type=Gaussian,cut_r=75",0.00276582599158149,0.00338302835556323,0.00354311269141144,0.00386068786309049,0.00383298956790974,0.00394160605811309,0.00408328398270737,0.0042069171745606,0.0042222235387531,0.00406210644485754,0.0040505328086049,0.00412249396877551,0.00424380300748919,0.00442015519463565,0.00446233771485844,0.00449952224598519,0.00455579057960667,0.00446582266487812,0.00464251805444006,0.00468268400019735,0.00460087550373291,0.00455875743970228,0.00449792983226051,0.00455005545415239,0.0047420607842429,0.00473954911520494,0.00459965713985022,0.00455852638072759,0.00449444663739026,0.0044099189675757,0.00432889802461075,0.00429933358934432,0.00426934901081141,0.00428019433525043,0.00418583766267385,0.00422449244633177,0.00422229583314748,0.00413370364614677,0.00417600334834919,0.00418772562565537,0.0041056766366759,0.00411130659800535,0.00392301435251213,0.0039601064543645,0.0039214953328349,0.00395404017269153,0.00392899040325975,0.00403575704609779,0.00393490883584288,0.00396549845387398,0.00395837554912545,0.0038868450554489,0.00396501474103721,0.0038467939831009,0.00386373826896409,0.00378337960208647,0.00361279183333693,0.00360663041020023,0.00345685277475542,0.00352469050711065,0.0034387922238263,0.00348736854738074,0.00348236833157692,0.00338567317979738,0.00335087251327443,0.00337146474348233,0.00339803639431995,0.00327725725597467,0.0033514691420032,0.00322216976701589,0.0032198803351283,0.00333097479116076,0.00320126002013129,0.00311494997842727,0.00314496956033103,0.0031619062462755,0.00317506937492816,0.00317546765180034,0.00310636540304338,0.00318483596312927,0.00320143928495728,0.00323513695609615,0.00325453358726166,0.00318481538754891,0.00312697331499536,0.00305438902080754,0.00306739429199076,0.00303846208305127,0.0029897325951687,0.00298886196876802,0.00291859064258233,0.00295298140325343,0.00297911191761768,0.00288770197607058,0.00288088802764912,0.0029258195317591,0.00294203275814812,0.00290642342982722,0.00274847299566486,0.00281110007891416,0.00281510218738792,0.0027323090667633,0.00278808017283124,0.00270803751838695
"apolar_viscek=TRUE,fixed_weight=FALSE,residual_type=Laplace,cut_r=75",0.00276582599158149,0.00306359974480097,0.00291341740964222,0.0030554114890364,0.00300038734921282,0.00304684668289643,0.00318495705843419,0.00309434327280135,0.00314746822199862,0.00296220014284217,0.00300946355951908,0.00310810547503357,0.00320779491497153,0.00322326623800652,0.0031083363710111,0.00311847522682294,0.00320446368695399,0.00318481418976713,0.00309189469355588,0.00316420665872114,0.00316895264789328,0.00297611945188737,0.00295080021691495,0.00305146417311662,0.00307322193918644,0.0029634469836522,0.00286155742982633,0.00282558345461975,0.00276414136544371,0.00286197815586775,0.00284436604709641,0.00270984233976619,0.00262660858594221,0.00265490255059345,0.00262907172515923,0.00257263382229319,0.00266113696116098,0.00263985537105416,0.00254702803426717,0.00253049144739814,0.00255462341038125,0.00248095777359982,0.00246109786810229,0.00251719125014486,0.00235099228363436,0.00237538147461132,0.00223479215092262,0.00238100943973671,0.00242800875243363,0.00242933911528862,0.00236625931025267,0.00232257931476554,0.00224179663966391,0.00229201122281515,0.00224653447270042,0.0022247779424785,0.00215771554187093,0.00222693945276709,0.00217480937110432,0.00217145202069906,0.00208170567378764,0.00203154049373959,0.0020760034149522,0.00207751018022185,0.00206196301503092,0.002003289463237,0.00204012109631644,0.00206973884455921,0.00206953921178847,0.00205163200564401,0.00200494548995949,0.00199712016823272,0.00190408472744613,0.00195881288496276,0.00194115859160026,0.00192268713718607,0.00189895279277118,0.00189265760657678,0.00183947189202935,0.00175917710565171,0.00179794609720999,0.00181841038546264,0.00186646749576446,0.00179084626733057,0.00178273700118505,0.00178718512580955,0.00167093786537272,0.00167299297267924,0.00165537598854871,0.0017518878106561,0.00165801803957053,0.00167143517036327,0.0016752100173284,0.00163388250289084,0.00163080112025836,0.00163471796866729,0.00152966159424043,0.00152617654631142,0.00150591287581588,0.00157422064646068,0.0015347899498149,0.00150058367895085,0.00153564088109026,0.00146095388312945
"apolar_viscek=FALSE,fixed_weight=FALSE,residual_type=Laplace,cut_r=75",0.00276582599158149,0.00290156453693055,0.00292561686930377,0.00302604359405389,0.00307532298773561,0.00304579674736561,0.00300907526948908,0.00310436161711386,0.0031098025004673,0.00291450055901399,0.00311995865405882,0.00308241353139215,0.003147158393161,0.00311269367917166,0.00310032501308772,0.00315107289267402,0.00315714008326048,0.00310413303904553,0.00314399099761508,0.00322392129296897,0.00309261816177749,0.00297708047970005,0.00299566064090439,0.00288098527645291,0.00301597604065859,0.00292615893084249,0.0029482661660929,0.00296446698594866,0.00297653195690935,0.0028615912811433,0.00275939990038121,0.00272914702645216,0.00259328049846902,0.00274557320261891,0.00269786540944987,0.00265954140687436,0.00265172615431289,0.00264291815146614,0.00255667011589905,0.00247849595726985,0.00259837158976432,0.00250431543723653,0.00228513596969658,0.0024589138833551,0.00238541177926403,0.00239539829217748,0.00227475761286646,0.00232010533672856,0.00240398339375506,0.00239309746051722,0.00237311743716984,0.00218951795848673,0.00233458596877264,0.00222170954560286,0.00226442612095044,0.00225433746460113,0.00219245872058058,0.00227016814715081,0.00215958416290384,0.00210516088386132,0.00211132265199059,0.00215111407658109,0.0020754388508135,0.00206216987647507,0.00207457299120004,0.00209178855606787,0.00201702574506173,0.00205594222454682,0.00207219193629943,0.00208320146815296,0.0020516000539878,0.00210858252684484,0.00196392172394666,0.00186824946847359,0.0018972577078673,0.00199046345935627,0.00196557149384812,0.00186002824851456,0.00191595876690029,0.00195234869318679,0.00186193442021917,0.00183151860089143,0.00186818634471213,0.00176639533980386,0.00172830873547459,0.00172029679871567,0.00169753906864699,0.00173806121953017,0.00160051199347657,0.00167325098784316,0.0017487466022575,0.00169189391580564,0.00168750515358682,0.00165212836692996,0.00161676419150366,0.00151607143124983,0.00157687988093571,0.00163055173764606,0.0015568062744404,0.00158489534226757,0.00150513775718914,0.00146708806144002,0.00152087195650259,0.00148615818799191
"apolar_viscek=TRUE,fixed_weight=TRUE,residual_type=Laplace,cut_r=75",0.00276582599158149,0.00367034584064331,0.00415941196656443,0.00454017184230065,0.00472426789528968,0.00481014599258577,0.0050881792274064,0.00528981520352796,0.00538187931865361,0.00550983575735255,0.00556522966171515,0.00564311667654422,0.0057085169429317,0.00573072036474399,0.00582264958213297,0.00582355422995839,0.00595182451214818,0.00590622660501537,0.00604432468637315,0.00610824634196225,0.00613708511261187,0.0061309680001349,0.00623473056734142,0.00633562868901176,0.00639680151213574,0.00643544980049207,0.00632105403579286,0.00639890813877102,0.0063172430761771,0.00632504632556081,0.00635266752981793,0.00628763140035423,0.0062226568875872,0.00631151911737791,0.00631189082768957,0.00626698289483846,0.00620610049997565,0.00623880734066928,0.00620875598321523,0.00625270378146972,0.0063159564117117,0.00631311689159682,0.00628707817174587,0.00616815155870361,0.00622004865604559,0.00605185152835776,0.0060386407268533,0.00603959002282106,0.00588437350019581,0.0057468139006776,0.00574959703001299,0.00572827208429263,0.00562986668770315,0.00562392817776632,0.00565161355923547,0.00555623558148575,0.0054307111714532,0.00546220979307535,0.00534823901320237,0.0053234681808049,0.00529020126317683,0.0052566568952672,0.00524519810807539,0.00514963227833077,0.00520916972901322,0.00521736932373174,0.00512639524255682,0.00518017057006879,0.00522174181778198,0.00525738272737586,0.00527393896558036,0.00526201985405205,0.00525997787632392,0.00531833203228827,0.00521885896526215,0.00525779973847054,0.00526735824317193,0.00525513250757174,0.00526097028443835,0.00537974295246267,0.00532490139251781,0.0052427489037825,0.00526173270906458,0.00530422369509135,0.00526832299846934,0.00517263064278087,0.00513197496524006,0.00512263520707693,0.00507038659758638,0.00501169401079175,0.0049922870648394,0.00489450882937876,0.00479645744538672,0.00474407444247246,0.00460140744496875,0.00455729331322325,0.00451037208070958,0.00433222054579803,0.00421490304250608,0.00418319173772314,0.004240407857353,0.00419879990647214,0.00416915578429163,0.00419468077127392
"apolar_viscek=FALSE,fixed_weight=TRUE,residual_type=Laplace,cut_r=75",0.00276582599158149,0.00314426671822204,0.00336207700613071,0.00374591413426244,0.0036869729989695,0.00385442050507845,0.00387907399019924,0.0039428324065493,0.00402398699080333,0.00402443579175044,0.00405867453022368,0.00405362813506104,0.00425880989250569,0.00427745741958451,0.00426811480964058,0.00427880784536654,0.00432357383364828,0.00425210516050441,0.00434168848162523,0.00436746515715534,0.00428413557173448,0.00412788932206282,0.0041742299361482,0.00422088877622976,0.00423050806789018,0.00406905810734197,0.00404769412805733,0.00401370218326959,0.00398820549936049,0.0038545436485866,0.00394494439925692,0.00385279839804063,0.00378915056470697,0.00392428438506838,0.00381396439602044,0.00387311733447746,0.00376574933472503,0.00386823541609735,0.00370606154118393,0.00376612454246342,0.00357900321280864,0.0036589055984296,0.00366018435941673,0.00355729606917211,0.00349246144545301,0.00355081269725815,0.00341027401502816,0.00352975565200679,0.00338669809204703,0.00343559508115886,0.00352205077942851,0.00342949079526865,0.00341076170390694,0.00343028736193462,0.00338113627863294,0.00349663882696071,0.00349448424753961,0.00347728848112732,0.00343365809902715,0.00337031317143113,0.00337139516774638,0.00342825957414404,0.00340259640388628,0.003417481555149,0.00335982204933325,0.0033429694767006,0.00333255657244619,0.0033915293260155,0.00334782337246453,0.0033123910381015,0.00324739883178971,0.00326954014463626,0.00320839877604123,0.00313869386288205,0.00310138377756973,0.0031132924553881,0.00314229882608468,0.00312466855017813,0.00303830301567595,0.00302145683146495,0.00312103232824727,0.00309321659825541,0.00310574477838053,0.00313681178218908,0.0031486889715225,0.00313893367059423,0.00311892594693063,0.003106981931335,0.00307492731245978,0.00307466874584745,0.0029604843172239,0.00291803961468528,0.00287705373748675,0.00278207391082745,0.00273249960851537,0.00266632924315825,0.00279000390864409,0.00273262313868266,0.00266385179437748,0.002660159251484,0.00264812219320007,0.00265482232180807,0.00268512273878393,0.00260164896805215
"apolar_viscek=TRUE,fixed_weight=FALSE,residual_type=GGD,cut_r=75",0.00276582599158149,0.00301071463786571,0.0029227835364353,0.00305240069413989,0.00307467010943331,0.00305753118782161,0.00305233997777431,0.00303324360333213,0.00319383536251119,0.0029090884373224,0.00302403343210572,0.00314803358943204,0.00312920115600679,0.00316838705362967,0.00314616247528275,0.00311137328714393,0.00314352969167707,0.00308384579868291,0.00309842802549803,0.00318908840110398,0.00307865048033345,0.00306189892602045,0.00294321037404757,0.00295158329391393,0.00301899008219814,0.00286366723257967,0.00282531086750727,0.00298158017627398,0.00300647950214249,0.00288534535541898,0.00278885237819236,0.00263362774138442,0.0026760118028006,0.00275182761148178,0.0027287447884456,0.0026339171675195,0.00265760194767532,0.00262806878788781,0.00252624459793279,0.00254994085209696,0.00251761229017429,0.00237190067872976,0.00247180061306622,0.00252173737653312,0.00237606481057354,0.00233499006778637,0.00229419126146652,0.00237417678228005,0.00229718109044379,0.00240069979522154,0.00231357741284607,0.00220250707847061,0.00221844550563425,0.00230477268951817,0.00227994283899616,0.00218832496712031,0.00217378811272571,0.00229791614588256,0.0021651722123504,0.00213361242018923,0.00213830820091909,0.00211488665657123,0.00217198658809023,0.00200682183413466,0.00212980449481724,0.00213372100621433,0.00207070699845661,0.00204189096261375,0.00207366522459943,0.00217328722898648,0.00207316240581508,0.00208235198751763,0.00193834074144895,0.00194031172969754,0.00192006573252725,0.00188187225475558,0.0018728419794082,0.00189500644798471,0.001857182775146,0.00183086390831823,0.0018686900765186,0.00182492599641229,0.00183713759089626,0.00188600522988026,0.00182874135690978,0.00176436276418566,0.00168873435191776,0.00166413676025417,0.00166733884752093,0.0016965686050536,0.00166710456010299,0.00170456536456029,0.0016174993216455,0.00165064169787534,0.0015583290785142,0.00156835299163724,0.00156981684955124,0.00150993997003366,0.0014697408969647,0.00156515609258242,0.00151231770751931,0.00146028420366752,0.00144652187354893,0.001516222401409
"apolar_viscek=FALSE,fixed_weight=FALSE,residual_type=GGD,cut_r=75",0.00276582599158149,0.00293067157814523,0.00303489035739133,0.00296680878307717,0.00300835941526194,0.00284309170628339,0.0030185351275794,0.00308315940102589,0.00306988259374247,0.00300422027612064,0.00312647319221349,0.00317707734624145,0.003220278392624,0.00308619279449018,0.00307368580006904,0.00307873791401071,0.00309376092151577,0.0031194646699437,0.00311843067543,0.00325582953615618,0.00308965286019149,0.00309962793385613,0.00310702349622893,0.00301876878184032,0.00306111215019279,0.00292015622080668,0.00290262049229618,0.0029012978471308,0.00301805334551535,0.00287044359984786,0.00275832307629439,0.00268313607895536,0.00272522801365613,0.00276910345489734,0.0026160583832388,0.00258359421560266,0.00273090119597624,0.00255094868519575,0.00243394644389704,0.00239087481134298,0.00255342881043095,0.00249978858545464,0.00234521603267377,0.00251471659130121,0.0024069745528893,0.00243297658323441,0.0023757229888374,0.00240479894795529,0.00235769395914926,0.0023841955686969,0.00232549367733821,0.00230580820590881,0.00231413664279366,0.00233959510224957,0.0022994430952554,0.00223605674467137,0.00222915637055574,0.00239382508316918,0.00215187081548476,0.00211988757047217,0.00208733599107439,0.00210409553551034,0.00213685431764371,0.00207012481342101,0.00209375568176355,0.00207293913327977,0.00203842526600723,0.00209511858579819,0.00211907113816773,0.0021723422482049,0.00205957440761181,0.0020617562822914,0.00194124994478921,0.00191451142052817,0.0018218533143994,0.00193269756490809,0.00188524397341819,0.00191160676497844,0.00189166004058597,0.00184416770692972,0.00189903062402189,0.00193551861560641,0.00188900136244083,0.00190239250574013,0.00175783848889388,0.00167741731061409,0.00166326983803961,0.0016964234899233,0.00162019920305124,0.00164963616551074,0.00161993666424985,0.0017620870325037,0.00170537059241708,0.00164676568526655,0.00156166707386214,0.00159600061248386,0.00162397875613692,0.00157584893985558,0.00151645760548376,0.00157619997362647,0.00154612872993331,0.00143466311421954,0.00154156718808864,0.0014767288619793
"apolar_viscek=TRUE,fixed_weight=TRUE,residual_type=GGD,cut_r=75",0.00276582599158149,0.00374984465925943,0.00409172786514282,0.00445083120872195,0.00478397624597756,0.00483385365071111,0.00493234153224617,0.00525108870421357,0.00538433280717032,0.00550119022541428,0.00555293366918376,0.00562289645794431,0.0056924754433367,0.00586810830858677,0.00597575199805728,0.00592610132139462,0.00595718302677313,0.00589746468499939,0.00587172988162681,0.00586153400947504,0.00592213708972195,0.00596904610811428,0.00586954877928981,0.00588159924763611,0.00591127278173351,0.00594487429284179,0.00588652950699149,0.00589317898930457,0.00591911274244265,0.00574757643799454,0.0056867339466987,0.00567336993930613,0.00560015831542197,0.00566534194971876,0.00559621477526248,0.00562339780199301,0.0055825201065039,0.00551286470112263,0.00540567897413296,0.00536273242245142,0.00548542237179609,0.00548662324602753,0.0054879801790279,0.00542625246123641,0.00540218079551715,0.00547211264818184,0.0054804895660454,0.00549327919913239,0.00548273329216448,0.00542008697417327,0.00538722474856931,0.00534810910594616,0.00522371098295436,0.00527398304455879,0.00537499601475729,0.00535790119212623,0.00522562751715276,0.00530051232629815,0.00524308003386951,0.0052865102085072,0.00526295006386446,0.00536616772069308,0.00533502784225245,0.005326933282151,0.00537748324340812,0.00528963415767401,0.00531866219548519,0.00528693834595732,0.00537835631180783,0.00545606535911357,0.00537607449081148,0.00549015218984301,0.00555653372212114,0.00544676765239115,0.00550658862810457,0.00543177893364933,0.00553261365176553,0.00556689755337307,0.00558410345305553,0.00571203438947789,0.00565031785214411,0.00575648644300265,0.00580777495047087,0.00570026628008657,0.00570297492369915,0.00564254490907004,0.00558876800894349,0.00562068079825959,0.0056258670111398,0.00565553670253321,0.00568778561852376,0.00562821375951325,0.0055911293751679,0.00566590445580391,0.0056481599130014,0.00563849071580035,0.00557311249980054,0.00560635947854023,0.00559060244677026,0.00561048222075679,0.00564854400531782,0.00568564096659008,0.00570065558463665,0.0056861612903279
"apolar_viscek=FALSE,fixed_weight=TRUE,residual_type=GGD,cut_r=75",0.00276582599158149,0.00329299018875631,0.00334981002181518,0.00363757929283859,0.00374605450952433,0.00373068175788537,0.00373124494423084,0.00400793134036312,0.00415389161117972,0.00401969456298784,0.00405277103198084,0.00408636078897017,0.00421530333386148,0.00416761898760494,0.00412795166344746,0.0042123205275725,0.00432706057071759,0.00422824209727432,0.00426569976452794,0.00428739247647256,0.00420912061479538,0.00426474887104615,0.00425546096310501,0.00435993790538175,0.00436065784411711,0.00432821175175291,0.00426346875360084,0.00425263100021942,0.00418953178156215,0.0042521433029399,0.00427018580056088,0.00434728775501885,0.00425489870923758,0.00422915041149875,0.00405146198754698,0.00404340623078841,0.00408563236621232,0.004031276359148,0.00399514629790469,0.00397742440503624,0.00395740850543498,0.00395448140661822,0.00397045587941783,0.00411302684295653,0.00399986686729182,0.00391969799063382,0.00390352440237588,0.00393519656115188,0.00392053025012148,0.00392925734305677,0.00391623303216186,0.00395520722942441,0.00387509310249857,0.00383412618612943,0.00375991544319457,0.0037050531616992,0.00373476429168301,0.0036966971227744,0.00364895995621635,0.00351232559159816,0.0034070705436894,0.00345835004382743,0.00343650226601937,0.00335249068704363,0.003305790076148,0.00324326367475352,0.00324536728361721,0.00325113716132178,0.00321750491801438,0.00332507484157195,0.00331814080856469,0.00334251172589728,0.00320276572181254,0.00310271985883291,0.00318596995947413,0.00315816258110628,0.003207988084577,0.00314234862562276,0.00319559470637982,0.00309379679397131,0.0030182422911414,0.00302994657389557,0.00300444357814763,0.00303605396784663,0.0029846360816826,0.00301535386133076,0.00293301304198924,0.00284660303993067,0.00281992018202448,0.00292734750460355,0.0028888929238872,0.002865058609596,0.00281049810015694,0.00285881626441753,0.00279428225202707,0.00275443047055246,0.00281312960511688,0.00268507914952807,0.00259646783675068,0.00262100102853471,0.00259883544319748,0.00257860567530516,0.00257050362886229,0.00254021163210969
